depid,script,deployid,recordtype,isdeployed,status
4,1,customdeploy_lsa_ue_opportunity,OPPORTUNITY,T,RELEASED
5,1,customdeploy_lsa_ue_prospect,PROSPECT,T,RELEASED
3,1,customdeploy_lsa_ue_lead,LEAD,T,RELEASED
2,1,customdeploy_lsa_ue_customer,CUSTOMER,T,RELEASED
1,1,customdeploy_lsa_ue_contact,CONTACT,T,RELEASED
9,2,customdeploy_lsa_ue_call,PHONECALL,T,RELEASED
8,2,customdeploy_lsa_ue_event,CALENDAREVENT,T,RELEASED
7,2,customdeploy_lsa_ue_note,NOTE,T,RELEASED
6,2,customdeploy_lsa_ue_message,MESSAGE,T,RELEASED
10,2,customdeploy_lsa_ue_task,TASK,T,RELEASED
11,3,customdeploy_lsa_sl_update_lsa,,T,RELEASED
14,4,customdeploy_lsa_massupdate_customer,CUSTOMER,T,RELEASED
12,4,customdeploy_lsa_massupdate_opportunity,OPPORTUNITY,T,RELEASED
13,4,customdeploy_lsa_massupdate_contact,CONTACT,T,RELEASED
15,6,customdeploy_esc_bundle_script,,T,RELEASED
6501,7,customdeploy_snav_bundle_install,,T,RELEASED
6502,8,customdeploy_snav_subsidiary_ue,SUBSIDIARY,T,RELEASED
18,9,customdeploy_snav_generate_css,,T,RELEASED
19,10,customdeploy_translation_suitelet,,T,RELEASED
20,11,customdeploy_snav_service_user_sl,,T,RELEASED
6503,12,customdeploy_snav_suitelet,,T,RELEASED
22,13,customdeploy_snav_service_admin_sl,,T,RELEASED
23,14,customdeploy_snav_copysublogo,,T,NOTSCHEDULED
6504,15,customdeploy_snav_portlet_app,,T,RELEASED
6505,15,customdeploy_snav_portlet,,T,RELEASED
26,16,customdeploy_nwb_bi_setup,,T,RELEASED
27,17,customdeploy_naw_ws_showexceptions,RECORD,T,RELEASED
28,18,customdeploy_3way_ws_checksubsmatchfield,RECORD,T,RELEASED
29,19,customdeploy_iaw_ws_iscustomerfirstinv,INVOICE,T,RELEASED
30,20,customdeploy_naw_ws_check_feature,RECORD,T,RELEASED
31,21,customdeploy_naw_ws_create_exceptionrec,RECORD,T,RELEASED
32,22,customdeploy_naw_ws_delete_exceptionrec,RECORD,T,RELEASED
33,23,customdeploy_naw_ws_get_user_pref,RECORD,T,RELEASED
35,24,customdeploy_naw_ue_delete_exp_vb,VENDORBILL,T,RELEASED
34,24,customdeploy_naw_ue_delete_exp_iv,INVOICE,T,RELEASED
36,25,customdeploy_wd_naw_su_showexc,,T,RELEASED
37,26,customdeploy_nav_ue_navcategoryentry,CUSTOMRECORD_NAV_SHORTCUTGROUP,T,RELEASED
38,27,customdeploy_nav_su_navigationportlet,,T,RELEASED
39,28,customdeploy_nav_su_rolemassupdate_admin,,T,RELEASED
40,29,customdeploy_nav_ss_rolemassupdate,,T,NOTSCHEDULED
41,30,customdeploy_nav_po_navigationportlet,,T,RELEASED
42,31,customdeploy_nav_cs_navcategoryentry,CUSTOMRECORD_NAV_SHORTCUTGROUP,T,RELEASED
43,32,customdeploy_dt_ue_translation,CUSTOMRECORD_DT_TILE,T,RELEASED
44,33,customdeploy_dt_su_translation_query,,T,RELEASED
5616,34,customdeploy_dt_su_updatepage_admin,,T,RELEASED
5617,34,customdeploy_dt_su_updatepage,,T,RELEASED
47,35,customdeploy_dt_su_translation,,T,RELEASED
48,36,customdeploy_dt_su_tile_backend,,T,RELEASED
49,37,customdeploy_dt_ss_updateroles,,T,NOTSCHEDULED
5618,38,customdeploy_dt_portlet_custom_tile,,T,RELEASED
51,39,customdeploy_dt_cs_tile,CUSTOMRECORD_DT_TILE,T,RELEASED
52,40,customdeploy_dt_cs_translation,CUSTOMRECORD_DT_TILE,T,RELEASED
53,41,customdeploy_mh_ss_create_mh,,T,NOTSCHEDULED
54,42,customdeploy_mh_ss_relink_levels_with_cs,,T,NOTSCHEDULED
55,43,customdeploy_mh_ue_configuration_upload,CUSTOMRECORD_MH_XML_CONFIG_UPLOAD_RECORD,T,RELEASED
1777,44,customdeploy_8299_license_client_is,,T,RELEASED
1778,45,customdeploy_8299_check_executing_script,CUSTOMRECORD_8299_LICENSE_CACHE,T,RELEASED
1779,46,customdeploy_8299_manual_request_su,,T,RELEASED
1780,47,customdeploy_8299_client_admin_page,,T,RELEASED
1781,48,customdeploy_8299_su_set_test_mode,,T,RELEASED
1782,49,customdeploy_8299_su_app_get_license,,T,RELEASED
1783,50,customdeploy_8299_su_get_license,,T,RELEASED
1790,51,customdeploy_8299_license_req_ss_0130,,T,NOTSCHEDULED
1789,51,customdeploy_8299_license_req_ss_0100,,T,NOTSCHEDULED
1792,51,customdeploy_8299_license_req_ss_0230,,T,NOTSCHEDULED
1793,51,customdeploy_8299_license_req_ss_0300,,T,NOTSCHEDULED
1794,51,customdeploy_8299_license_req_ss_0330,,T,NOTSCHEDULED
1795,51,customdeploy_8299_license_req_ss_0400,,T,NOTSCHEDULED
1796,51,customdeploy_8299_license_req_ss_0430,,T,NOTSCHEDULED
1797,51,customdeploy_8299_license_req_ss_2200,,T,NOTSCHEDULED
1798,51,customdeploy_8299_license_req_ss_2230,,T,NOTSCHEDULED
1799,51,customdeploy_8299_license_req_ss_2300,,T,NOTSCHEDULED
1800,51,customdeploy_8299_license_req_ss_2330,,T,NOTSCHEDULED
1784,51,customdeploy_8299_license_request_ss,,F,NOTSCHEDULED
1785,51,customdeploy_8299_license_request_manual,,T,NOTSCHEDULED
1786,51,customdeploy_8299_license_request_retry,,T,NOTSCHEDULED
1787,51,customdeploy_8299_license_req_ss_0000,,T,NOTSCHEDULED
1788,51,customdeploy_8299_license_req_ss_0030,,T,NOTSCHEDULED
1791,51,customdeploy_8299_license_req_ss_0200,,T,SCHEDULED
2920,53,customdeploy_2663_batch_approval_notify,CUSTOMRECORD_2663_FILE_ADMIN,T,RELEASED
2921,54,customdeploy_2663_batch_rejection_notify,CUSTOMRECORD_2663_FILE_ADMIN,T,RELEASED
69,55,customdeploy_12793_vprepapp_ue,VENDORPREPAYMENTAPPLICATION,T,RELEASED
2940,56,customdeploy_ep_preference_ue,CUSTOMRECORD_EP_PREFERENCE,F,RELEASED
2941,57,customdeploy_2663_file_format_ue,CUSTOMRECORD_2663_PAYMENT_FILE_FORMAT,F,RELEASED
2922,58,customdeploy_2663_payment_info_ue,VENDORBILL,F,RELEASED
2923,58,customdeploy_2663_payment_info_exp_ue,EXPENSEREPORT,F,RELEASED
2924,58,customdeploy_2663_payment_info_pay_ue,VENDORPAYMENT,F,RELEASED
2925,58,customdeploy_2663_payment_info_je_ue,JOURNALENTRY,F,RELEASED
2931,58,customdeploy_2663_payment_info_inv_ue,INVOICE,F,RELEASED
2927,58,customdeploy_2663_payment_info_casref_ue,CASHREFUND,F,RELEASED
2928,58,customdeploy_2663_payment_info_cr_ue,CUSTOMERREFUND,F,RELEASED
2929,58,customdeploy_2663_payment_info_cm_ue,CREDITMEMO,F,RELEASED
2930,58,customdeploy_2663_payment_info_cuspay_ue,CUSTOMERPAYMENT,F,RELEASED
2926,58,customdeploy_2663_payment_info_check_ue,CHECK,F,RELEASED
2934,59,customdeploy_2663_payment_file_mgmt_ue,CUSTOMRECORD_2663_FILE_ADMIN,F,RELEASED
2936,60,customdeploy_2663_vendor_ue,VENDOR,F,RELEASED
2939,60,customdeploy_2663_partner_ue,PARTNER,F,RELEASED
2938,60,customdeploy_2663_customer_ue,CUSTOMER,F,RELEASED
2937,60,customdeploy_2663_employee_ue,EMPLOYEE,F,RELEASED
87,61,customdeploy_12194_template_request_ue,CUSTOMRECORD_12194_FILE_TEMPLATE_REQUEST,T,RELEASED
89,62,customdeploy_9997_dd_payment_ue,CUSTOMERPAYMENT,T,RELEASED
88,62,customdeploy_9997_eft_payment_ue,VENDORPAYMENT,T,RELEASED
90,62,customdeploy__9997_vendor_prepayment_ue,VENDORPREPAYMENT,T,RELEASED
91,63,customdeploy_10782_entity_bank_ue,CUSTOMRECORD_2663_ENTITY_BANK_DETAILS,T,RELEASED
92,64,customdeploy_12050_payment_file_mgmt_ue,CUSTOMRECORD_2663_FILE_ADMIN,T,RELEASED
93,66,customdeploy_10782_bank_details_ue,CUSTOMRECORD_2663_BANK_DETAILS,T,RELEASED
94,67,customdeploy_15152_format_details_ue,CUSTOMRECORD_2663_FORMAT_DETAILS,T,RELEASED
95,68,customdeploy_encryption_details_ue,CUSTOMRECORD_ENCRYPTION_DETAILS,T,RELEASED
96,69,customdeploy_14552_customer_ue,CUSTOMER,T,RELEASED
97,69,customdeploy_14552_employee_ue,EMPLOYEE,T,RELEASED
99,69,customdeploy_14552_vendor_ue,VENDOR,T,RELEASED
98,69,customdeploy_14552_partner_ue,PARTNER,T,RELEASED
2932,70,customdeploy_2663_payment_schedule_ue,CUSTOMRECORD_2663_PAYMENT_SCHEDULE,F,RELEASED
101,71,customdeploy_2663_payment_batch_ue,CUSTOMRECORD_2663_BATCH,T,RELEASED
102,72,customdeploy_11724_bank_fee_ue,CUSTOMRECORD_11724_BANK_FEE_SCHED,T,RELEASED
2933,73,customdeploy_2663_entity_bank_details_ue,CUSTOMRECORD_2663_ENTITY_BANK_DETAILS,F,RELEASED
2935,74,customdeploy_7716_pay_aggregation_ue,CUSTOMRECORD_2663_PAYMENT_AGGREGATION,F,RELEASED
2957,75,customdeploy_15152_file_ref_service_su,,T,RELEASED
106,76,customdeploy_10782_edition_check_su,,T,RELEASED
107,77,customdeploy_8859_batch_selection_main,,T,RELEASED
108,78,customdeploy_2663_resource_mgr_s,,T,RELEASED
2942,79,customdeploy_2663_payment_selection_s,,T,RELEASED
2950,80,customdeploy_9997_trans_unlinker_su,,T,RELEASED
111,81,customdeploy_7716_payment_notification_s,,T,RELEASED
112,82,customdeploy_nacha_setup_page_d,,T,RELEASED
113,83,customdeploy_ep_admin_data_loader_s,,T,RELEASED
115,85,customdeploy_strings_loader,,T,RELEASED
116,86,customdeploy_2663_exchangerates_loader_s,,T,RELEASED
117,87,customdeploy_9997_search_summary_service,,T,RELEASED
118,88,customdeploy_get_customrecord_id,,T,RELEASED
2944,89,customdeploy_2663_jumplet_s,,F,RELEASED
120,90,customdeploy_2663_payment_sel_proc_s,,T,RELEASED
121,91,customdeploy_15152_encryption_suitelet,,T,RELEASED
2947,92,customdeploy_2663_batch_selection_ap_s,,T,RELEASED
123,93,customdeploy_9997_eft_file_generation,,T,RELEASED
124,93,customdeploy_9997_dd_file_generation,,T,RELEASED
125,94,customdeploy_8858_translation_service_su,,T,RELEASED
2952,95,customdeploy_2663_license_updater_s,,T,RELEASED
127,96,customdeploy_2663_batch_updater_s,,T,RELEASED
128,97,customdeploy_2663_field_validator_s,,T,RELEASED
2953,98,customdeploy_2663_payment_pp_selection_s,,T,RELEASED
130,99,customdeploy_8859_batch_updater_su,,T,RELEASED
2943,100,customdeploy_2663_admin_data_lookup_s,,T,RELEASED
2949,101,customdeploy_2663_payment_ar_selection_s,,T,RELEASED
133,102,customdeploy_2663_payment_reversal_s,,T,RELEASED
2946,103,customdeploy_2663_preference_s,,T,RELEASED
2948,104,customdeploy_2663_batch_selection_main_s,,T,RELEASED
2951,105,customdeploy_2663_cust_ref_selection_s,,T,RELEASED
2959,106,customdeploy_2663_admin_data_submit_s,,T,RELEASED
138,107,customdeploy_12474_ep_license_info_su,,T,RELEASED
139,108,customdeploy_2663_entity_update_ss,,T,NOTSCHEDULED
141,109,customdeploy_8859_batch_processing_ss2,,T,NOTSCHEDULED
140,109,customdeploy_8859_batch_processing_ss,,T,SCHEDULED
142,110,customdeploy_ep_payment_creator_ss,,T,NOTSCHEDULED
145,111,customdeploy_2663_payment_proc_3_ss,,T,NOTSCHEDULED
144,111,customdeploy_2663_payment_proc_2_ss,,T,NOTSCHEDULED
143,111,customdeploy_2663_payment_processing_ss,,T,NOTSCHEDULED
146,112,customdeploy_13438_template_generator_ss,,T,NOTSCHEDULED
147,113,customdeploy_2663_on_demand_batch_ss,,T,NOTSCHEDULED
148,114,customdeploy_2663_reverse_payments_ss,,T,NOTSCHEDULED
149,115,customdeploy_9997_update_ddfileformat_ss,,T,NOTSCHEDULED
150,116,customdeploy_8858_scheduler_ss,,T,NOTSCHEDULED
151,117,customdeploy_ep_update_batch_settings_ss,,T,NOTSCHEDULED
152,118,customdeploy_9997_file_generation_ss,,T,NOTSCHEDULED
153,119,customdeploy_9572_migration_script_ss,,T,NOTSCHEDULED
2960,120,customdeploy_2663_batch_processing_ss,,T,NOTSCHEDULED
2961,120,customdeploy_2663_batch_processing_ss2,,T,NOTSCHEDULED
156,121,customdeploy_2663_notify_payments_ss,,T,NOTSCHEDULED
157,122,customdeploy_2663_rollback_ss,,T,NOTSCHEDULED
158,123,customdeploy_8859_paymnt_batch_on_demand,,T,NOTSCHEDULED
159,124,customdeploy_2663_batch_updater_rs,,T,RELEASED
160,125,customdeploy_12050_runtime_settings_rs,,T,RELEASED
161,126,customdeploy_11187_entitybank_details_rs,,T,RELEASED
162,127,customdeploy_8859_batch_updater_rs,,T,RELEASED
163,128,customdeploy_2663_batch_processing_p,,T,RELEASED
164,129,customdeploy_9997_trans_unlinker_mr,,T,NOTSCHEDULED
165,130,customdeploy_9997_payment_to_admin_mr,,T,NOTSCHEDULED
166,131,customdeploy_nacha_entity_bank_mr,,T,NOTSCHEDULED
167,132,customdeploy_nacha_company_bank_mr,,T,NOTSCHEDULED
168,133,customdeploy_ep_delete_bepi_mr,,T,NOTSCHEDULED
169,134,customdeploy_9572_migration_script_mr,,T,NOTSCHEDULED
170,135,customdeploy_8858_reverse_payments_mr,,T,NOTSCHEDULED
171,136,customdeploy_9997_update_ddfileformat_mr,,T,NOTSCHEDULED
172,137,customdeploy_8858_payment_processor_mr,,T,NOTSCHEDULED
173,138,customdeploy_ep_update_bepi_mr,,T,NOTSCHEDULED
174,139,customdeploy_13438_template_generator_mr,,T,NOTSCHEDULED
175,140,customdeploy_8859_transaction_marker,,T,NOTSCHEDULED
176,141,customdeploy_8859_ep_rollback_mr,,T,NOTSCHEDULED
177,142,customdeploy_8859_email_notification_mr,,T,NOTSCHEDULED
2971,143,customdeploy_2663_entity_bank_details_cs,CUSTOMRECORD_2663_ENTITY_BANK_DETAILS,F,RELEASED
2973,145,customdeploy_2663_bank_validator_cs,CUSTOMRECORD_2663_BANK_DETAILS,F,RELEASED
2974,145,customdeploy_2663_entity_validator_cs,CUSTOMRECORD_2663_ENTITY_BANK_DETAILS,F,RELEASED
2968,147,customdeploy_2663_file_format_cs,CUSTOMRECORD_2663_PAYMENT_FILE_FORMAT,F,RELEASED
2969,148,customdeploy_ep_preference_cs,CUSTOMRECORD_EP_PREFERENCE,F,RELEASED
183,149,customdeploy_10782_entity_bank_cs,CUSTOMRECORD_2663_ENTITY_BANK_DETAILS,T,RELEASED
184,150,customdeploy_11724_bank_fee_cs,CUSTOMRECORD_11724_BANK_FEE_SCHED,T,RELEASED
185,151,customdeploy_14552_customer_details_cs,CUSTOMER,T,RELEASED
186,151,customdeploy_14552_employee_details_cs,EMPLOYEE,T,RELEASED
187,151,customdeploy_14552_partner_details_cs,PARTNER,T,RELEASED
188,151,customdeploy_14552_vendor_details_cs,VENDOR,T,RELEASED
189,152,customdeploy_14552_bank_details_cs,CUSTOMRECORD_2663_BANK_DETAILS,T,RELEASED
190,153,customdeploy_9997_eft_payment_cs,VENDORPAYMENT,T,RELEASED
192,153,customdeploy_9997_customer_refund_cs,CUSTOMERREFUND,T,RELEASED
193,153,customdeploy_9997_vendor_prepayment_cs,VENDORPREPAYMENT,T,RELEASED
191,153,customdeploy_9997_dd_payment_cs,CUSTOMERPAYMENT,T,RELEASED
2962,154,customdeploy_2663_bank_details_cs,CUSTOMRECORD_2663_BANK_DETAILS,F,RELEASED
2967,155,customdeploy_2663_payment_aggregation_cs,CUSTOMRECORD_2663_PAYMENT_AGGREGATION,F,RELEASED
2970,156,customdeploy_2663_payment_file_mgmt_cs,CUSTOMRECORD_2663_FILE_ADMIN,F,RELEASED
197,157,customdeploy_payment_file_format_cs,CUSTOMRECORD_2663_PAYMENT_FILE_FORMAT,T,RELEASED
2972,158,customdeploy_2663_payment_schedule_cs,CUSTOMRECORD_2663_PAYMENT_SCHEDULE,F,RELEASED
200,159,customdeploy_14552_field_validator_cs,CUSTOMRECORD_2663_BANK_DETAILS,T,RELEASED
199,159,customdeploy_14552_entity_validator_cs,CUSTOMRECORD_2663_ENTITY_BANK_DETAILS,T,RELEASED
2963,161,customdeploy_2663_partner_details_cs,PARTNER,F,RELEASED
2964,161,customdeploy_2663_customer_details_cs,CUSTOMER,F,RELEASED
2966,161,customdeploy_2663_employee_details_cs,EMPLOYEE,F,RELEASED
2965,161,customdeploy_2663_vendor_details_cs,VENDOR,F,RELEASED
343,162,customdeploy_campaign_assistant_bundle,,T,RELEASED
206,163,customdeploy_ca_ss_savedsearch,,T,RELEASED
207,164,customdeploy_ca_ss_campaignassistant,,T,RELEASED
208,165,customdeploy_ca_ss_campaigntargetgroup,,T,RELEASED
209,166,customdeploy_ca_ss_campaigntemplate,,T,RELEASED
210,167,customdeploy_ca_ss_file,,T,RELEASED
211,170,customdeploy_nsapm_beforeinstall,,T,RELEASED
212,171,customdeploy_nsapm_afterinstall,,T,RELEASED
213,172,customdeploy_nsapm_ah_sl_lists_v2,,T,RELEASED
214,173,customdeploy_nsapm_ah_sl_main,,T,RELEASED
215,174,customdeploy_nsapm_ah_sl_overview_v2,,T,RELEASED
216,175,customdeploy_nsapm_ah_sl_smelldetails_v2,,T,RELEASED
217,176,customdeploy_nsapm_ah_sl_snooze_v2,,T,RELEASED
218,177,customdeploy_nsapm_apmsetup_sl_main,,T,RELEASED
219,178,customdeploy_nsapm_cd_sl_concurrency_v2,,T,RELEASED
220,179,customdeploy_nsapm_cd_sl_instances_v2,,T,RELEASED
221,180,customdeploy_nsapm_cd_sl_main,,T,RELEASED
222,181,customdeploy_nsapm_cd_sl_violations_v2,,T,RELEASED
223,182,customdeploy_nsapm_cm_sl_concurrency_v2,,T,RELEASED
224,183,customdeploy_nsapm_cm_sl_main,,T,RELEASED
225,184,customdeploy_nsapm_cm_sl_violations_v2,,T,RELEASED
226,185,customdeploy_nsapm_prf_sl_frhtlogs_v2,,T,RELEASED
227,186,customdeploy_nsapm_prf_sl_kpi_v2,,T,RELEASED
228,187,customdeploy_nsapm_prf_sl_main,,T,RELEASED
229,188,customdeploy_nsapm_ptd_sl_instances_v2,,T,RELEASED
230,189,customdeploy_nsapm_ptd_sl_main,,T,RELEASED
231,190,customdeploy_nsapm_ptd_sl_ssdetails_v2,,T,RELEASED
232,191,customdeploy_nsapm_pts_sl_etesummary_v2,,T,RELEASED
233,192,customdeploy_nsapm_pts_sl_etetime_v2,,T,RELEASED
234,193,customdeploy_nsapm_pts_sl_main,,T,RELEASED
235,194,customdeploy_nsapm_pts_sl_setup_v2,,T,RELEASED
236,195,customdeploy_nsapm_pts_sl_ssdetail_v2,,T,RELEASED
237,196,customdeploy_nsapm_rpa_sl_integration_v2,,T,RELEASED
238,197,customdeploy_nsapm_rpa_sl_main,,T,RELEASED
239,198,customdeploy_nsapm_rpa_sl_operdetails_v2,,T,RELEASED
240,199,customdeploy_nsapm_rpa_sl_operdetlogs_v2,,T,RELEASED
241,200,customdeploy_nsapm_rpa_sl_overview_v2,,T,RELEASED
242,201,customdeploy_nsapm_rpa_sl_topoper_v2,,T,RELEASED
243,202,customdeploy_nsapm_rpm_sl_main,,T,RELEASED
244,203,customdeploy_nsapm_rpm_sl_rec_charts_v2,,T,RELEASED
245,204,customdeploy_nsapm_rpm_sl_record_tile_v2,,T,RELEASED
246,205,customdeploy_nsapm_rpm_sl_setup_date_v2,,T,RELEASED
247,206,customdeploy_nsapm_rpm_sl_setup_gen_v2,,T,RELEASED
248,207,customdeploy_nsapm_rpm_sl_setup_rec_v2,,T,RELEASED
249,208,customdeploy_nsapm_scpm_sl_concurrdet,,T,RELEASED
250,209,customdeploy_nsapm_scpm_sl_concurrencyhm,,T,RELEASED
251,210,customdeploy_nsapm_scpm_sl_deployments,,T,RELEASED
252,211,customdeploy_nsapm_scpm_sl_elevatedprio,,T,RELEASED
253,212,customdeploy_nsapm_scpm_sl_kpi,,T,RELEASED
254,213,customdeploy_nsapm_scpm_sl_main,,T,RELEASED
255,214,customdeploy_nsapm_scpm_sl_procsettings,,T,RELEASED
256,215,customdeploy_nsapm_scpm_sl_queuedetails,,T,RELEASED
257,216,customdeploy_nsapm_scpm_sl_scriptprio,,T,RELEASED
258,217,customdeploy_nsapm_scpm_sl_statuses,,T,RELEASED
259,218,customdeploy_nsapm_scpm_sl_utilization,,T,RELEASED
260,219,customdeploy_nsapm_sl_recordtypes_v2,,T,RELEASED
261,220,customdeploy_nsapm_spa_sl_main,,T,RELEASED
262,221,customdeploy_nsapm_spa_sl_tiles_v2,,T,RELEASED
263,222,customdeploy_nsapm_spd_sl_main,,T,RELEASED
264,223,customdeploy_nsapm_spd_sl_sscontext_v2,,T,RELEASED
265,224,customdeploy_nsapm_spd_sl_ssdetails_v2,,T,RELEASED
266,225,customdeploy_nsapm_spd_sl_sslist_v2,,T,RELEASED
267,226,customdeploy_nsapm_spd_sl_sslogs_v2,,T,RELEASED
268,227,customdeploy_nsapm_spjd_sl_deploylist,,T,RELEASED
269,228,customdeploy_nsapm_spjd_sl_instancedet,,T,RELEASED
270,229,customdeploy_nsapm_spjd_sl_main,,T,RELEASED
271,230,customdeploy_nsapm_ssa_sl_details_v2,,T,RELEASED
272,231,customdeploy_nsapm_ssa_sl_main,,T,RELEASED
273,232,customdeploy_nsapm_ssa_sl_perfchart_v2,,T,RELEASED
274,233,customdeploy_nsapm_ssa_sl_scripts_v2,,T,RELEASED
275,234,customdeploy_nsapm_ssa_sl_summary_v2,,T,RELEASED
276,235,customdeploy_nsapm_wsa_sl_api_v2,,T,RELEASED
277,236,customdeploy_nsapm_wsa_sl_integration_v2,,T,RELEASED
278,237,customdeploy_nsapm_wsa_sl_kpi_v2,,T,RELEASED
279,238,customdeploy_nsapm_wsa_sl_main,,T,RELEASED
280,239,customdeploy_nsapm_wsa_sl_statuses_v2,,T,RELEASED
281,240,customdeploy_nsapm_wsa_sl_topoper_v2,,T,RELEASED
282,241,customdeploy_nsapm_wsa_sl_topwsrp_v2,,T,RELEASED
283,242,customdeploy_nsapm_wsa_sl_wsrpdetails_v2,,T,RELEASED
284,243,customdeploy_nsapm_wsod_sl_kpi_v2,,T,RELEASED
285,244,customdeploy_nsapm_wsod_sl_main,,T,RELEASED
286,245,customdeploy_nsapm_wsod_sl_perfdet_v2,,T,RELEASED
287,246,customdeploy_nsapm_wsod_sl_toprecperf_v2,,T,RELEASED
288,247,customdeploy_nsapm_wsod_sl_wsologs_v2,,T,RELEASED
289,248,customdeploy_nsapm_wsod_sl_wsrplogs_v2,,T,RELEASED
7615,270,customdeploy_ed_bundle_installation,,T,RELEASED
291,271,customdeploy_ob_employee_ue,EMPLOYEE,T,RELEASED
292,272,customdeploy_ed_emp_search_backend_su,,T,RELEASED
293,273,customdeploy_ed_preferences_su,,T,RELEASED
294,274,customdeploy_ed_emp_dir_su,,T,RELEASED
295,275,customdeploy_ed_preferences_backend_su,,T,RELEASED
296,276,customdeploy_ob_org_browser_backend_su,,T,RELEASED
297,277,customdeploy_ob_org_browser_su,,T,RELEASED
298,278,customdeploy_ob_org_browser_tree_ss,,T,NOTSCHEDULED
299,278,customdeploy_ob_org_browser_tree_ss2,,T,SCHEDULED
300,279,customdeploy_ed_emp_dir_portlet,,T,RELEASED
325,280,customdeploy1,CUSTOMRECORD_ZASTRO_UNCONSOLIDATED_ITEMS,T,RELEASED
326,281,customdeploy1,SALESORDER,F,RELEASED
327,282,customdeploy1,CUSTOMRECORD_ZASTRO_PO_CONSOLID,F,TESTING
328,283,customdeploy1,CUSTOMRECORD_ZASTRO_PO_CONSOLID,T,RELEASED
329,284,customdeploy1,CUSTOMRECORD_ZASTRO_UNCONSOLIDATED_ITEMS,F,RELEASED
330,285,customdeploy1,CUSTOMRECORD_ZASTRO_PO_CONSOLID,T,RELEASED
331,286,customdeploy1,,F,TESTING
332,287,customdeploy1,,T,RELEASED
333,288,customdeploy1,CUSTOMRECORD_ZASTRO_PO_CONSOLID,F,RELEASED
334,289,customdeploy1,,T,NOTSCHEDULED
335,289,customdeploy2,,T,NOTSCHEDULED
336,290,customdeploy1,CUSTOMRECORD_ILLUMI_MULTI_QUOTES,T,RELEASED
337,291,customdeploy1,CUSTOMRECORD_ILLUMI_MULTI_QUOTES,T,RELEASED
338,292,customdeploy1,SALESORDER,T,TESTING
339,293,customdeploy1,,T,RELEASED
340,294,customdeploy1,CUSTOMRECORD_ZASTRO_PO_CONSOLID,F,TESTING
341,295,customdeploy1,,T,NOTSCHEDULED
342,296,customdeploy1,CUSTOMRECORD_ZASTRO_UNCONSOLIDATED_ITEMS,T,RELEASED
344,297,customdeploy1,SALESORDER,T,RELEASED
345,298,customdeploy1,,T,RELEASED
346,299,customdeploy1,CUSTOMRECORD_ZASTRO_PO_CONSOLID,T,RELEASED
347,301,customdeploy1,,T,RELEASED
348,303,customdeploy1,CUSTOMRECORD_ZASTRO_PO_CONSOLID,T,RELEASED
349,304,customdeploy1,ITEMFULFILLMENT,T,RELEASED
350,305,customdeploy1,CUSTOMRECORD_PR_DELIVERY_RECORD,T,RELEASED
351,306,customdeploy1,CUSTOMRECORD_PR_DELIVERY_RECORD,T,RELEASED
352,307,customdeploy1,CUSTOMRECORD_STORED_INV_DELIVERY,T,RELEASED
353,308,customdeploy1,,T,RELEASED
354,309,customdeploy1,,T,RELEASED
355,310,customdeploy1,,T,RELEASED
357,315,customdeploy1,,T,RELEASED
358,317,customdeploy1,CUSTOMRECORD_STORED_INV_DELIVERY,T,RELEASED
359,318,customdeploy1,CUSTOMRECORD_PR_DELIVERY_RECORD,T,RELEASED
361,320,customdeploy1,,T,RELEASED
362,321,customdeploy1,CUSTOMER,F,TESTING
363,323,customdeploy1,CUSTOMRECORD_ZASTRO_PO_CONSOLID,T,RELEASED
364,324,customdeploy1,BIN,T,RELEASED
365,325,customdeploy1,SALESORDER,T,RELEASED
366,326,customdeploy1,CUSTOMRECORD_PR_CHANGE_ORDER,T,RELEASED
2919,327,customdeploy_15486_ep_bundle_install,,T,RELEASED
394,328,customdeploy_15486_pay_info_venbill_ue,VENDORBILL,T,RELEASED
395,328,customdeploy_15486_pay_info_vencredit_ue,VENDORCREDIT,T,RELEASED
396,328,customdeploy_15486_pay_info_venpay_ue,VENDORPAYMENT,T,RELEASED
391,328,customdeploy_15486_pay_info_expreport_ue,EXPENSEREPORT,T,RELEASED
386,328,customdeploy_15486_pay_info_cashref_ue,CASHREFUND,T,RELEASED
387,328,customdeploy_15486_pay_info_check_ue,CHECK,T,RELEASED
388,328,customdeploy_15486_pay_info_credmemo_ue,CREDITMEMO,T,RELEASED
389,328,customdeploy_15486_pay_info_custpay_ue,CUSTOMERPAYMENT,T,RELEASED
390,328,customdeploy_15486_pay_info_custref_ue,CUSTOMERREFUND,T,RELEASED
392,328,customdeploy_15486_pay_info_invoice_ue,INVOICE,T,RELEASED
393,328,customdeploy_15486_pay_info_jourentry_ue,JOURNALENTRY,T,RELEASED
397,329,customdeploy_15486_pay_aggregation_ue,CUSTOMRECORD_2663_PAYMENT_AGGREGATION,T,RELEASED
398,330,customdeploy_15486_ep_preference_ue,CUSTOMRECORD_EP_PREFERENCE,T,RELEASED
399,331,customdeploy_15486_file_format_ue,CUSTOMRECORD_2663_PAYMENT_FILE_FORMAT,T,RELEASED
401,332,customdeploy_15486_payment_schedule_ue,CUSTOMRECORD_2663_PAYMENT_SCHEDULE,T,RELEASED
2945,333,customdeploy_15529_global_eft_selection,,T,RELEASED
403,334,customdeploy_15486_field_validator_su,,T,RELEASED
404,335,customdeploy_15486_ep_preference_su,,T,RELEASED
406,336,customdeploy_15486_ep_admin_data_loader,,T,RELEASED
407,337,customdeploy_15486_payment_reversal_su,,T,RELEASED
2954,338,customdeploy_15486_ep_admin_data_lookup,,T,RELEASED
2955,339,customdeploy_15486_ep_admin_data_submit,,T,RELEASED
412,340,customdeploy_15531_auto_queued_pfa_ss,,T,NOTSCHEDULED
413,341,customdeploy_15486_ep_batch_process_pt,,T,RELEASED
416,342,customdeploy_15486_pay_aggregation_cs,CUSTOMRECORD_2663_PAYMENT_AGGREGATION,T,RELEASED
421,343,customdeploy_15486_file_format_cs,CUSTOMRECORD_2663_PAYMENT_FILE_FORMAT,T,RELEASED
423,344,customdeploy_15486_ep_preference_cs,CUSTOMRECORD_EP_PREFERENCE,T,RELEASED
424,345,customdeploy_15486_payment_schedule_cs,CUSTOMRECORD_2663_PAYMENT_SCHEDULE,T,RELEASED
430,346,customdeploy1,,T,NOTSCHEDULED
431,347,customdeploy1,CUSTOMRECORD_ZASTRO_PO_CONSOLID,T,RELEASED
432,348,customdeploy1,CUSTOMRECORD_ZASTRO_UNCONSOLIDATED_ITEMS,T,RELEASED
5875,369,customdeploy_solupay_paymenttoken_lst_cr,CUSTOMERREFUND,F,RELEASED
5871,369,customdeploy_solupay_paymenttoken_lst_ue,CASHSALE,F,RELEASED
5874,369,customdeploy_solupay_paymenttoken_lst_cd,CUSTOMERDEPOSIT,F,RELEASED
5873,369,customdeploy_solupay_paymenttoken_lst_so,SALESORDER,F,RELEASED
5872,369,customdeploy_solupay_paymenttoken_lst_py,CUSTOMERPAYMENT,F,RELEASED
4970,372,customdeploy_solupay_extern_pmt_iv_ue,INVOICE,T,RELEASED
433,381,customdeploy_versapay_cds_wallet,CUSTOMER,T,RELEASED
434,388,customdeploy_versapay_invite_contacts_ui,CUSTOMER,F,RELEASED
435,403,customdeploy_versapay_invite_contacts_ss,,F,RELEASED
436,406,customdeploy_versapay_wallet_cds_exp_add,,F,RELEASED
437,407,customdeploy_versapay_cds_wallet,,T,RELEASED
438,435,customdeploy1,,T,NOTSCHEDULED
4969,453,customdeploy_solupay_einvoice_cash_rs,,T,RELEASED
4968,454,customdeploy_solupay_connector_rs,,T,RELEASED
4542,473,customdeploy_solupay_paymenttoken_lst_cs,CASHSALE,T,RELEASED
4544,473,customdeploy_solupay_paymenttoken_lst_so,SALESORDER,T,RELEASED
4552,473,customdeploy_solupay_paymenttoken_lst_cd,CUSTOMERDEPOSIT,T,RELEASED
4543,473,customdeploy_solupay_paymenttoken_lst_pv,CUSTOMERPAYMENT,T,RELEASED
439,483,customdeploy_solupaysuitepayments,,T,RELEASED
442,485,customdeploy1,,T,NOTSCHEDULED
7562,486,customdeploy_scm_bundle_installation,,T,RELEASED
7564,487,customdeploy_scm_is_transactions_ue_cs,CASHSALE,T,RELEASED
7565,487,customdeploy_scm_is_transactions_ue_es,ESTIMATE,T,RELEASED
7566,487,customdeploy_scm_is_transactions_ue_op,OPPORTUNITY,T,RELEASED
7567,487,customdeploy_scm_is_transactions_ue_in,INVOICE,F,RELEASED
7563,487,customdeploy_scm_is_transactions_ue_so,SALESORDER,T,RELEASED
7568,488,customdeploy_scm_is_itemsubstitute_ue,CUSTOMRECORD_SCM_ITEM_SUBSTITUTE,T,RELEASED
7569,489,customdeploy_eco_detail_ue,CUSTOMRECORD_SCM_ECO_DETAIL,T,RELEASED
7570,490,customdeploy_scm_lc_ue_costcatprofile,CUSTOMRECORD_SCM_LC_PROFILE,T,RELEASED
7571,491,customdeploy_scm_cpn_ue,CUSTOMRECORD_SCM_CUSTOMERPARTNUMBER,T,RELEASED
7572,492,customdeploy_scm_lc_ue_vbill,VENDORBILL,T,RELEASED
7573,492,customdeploy_scm_lc_ue_ir,ITEMRECEIPT,T,RELEASED
7574,492,customdeploy_scm_lc_ue_po,PURCHASEORDER,T,RELEASED
7575,495,customdeploy_scm_engr_change_notice_ue,CUSTOMRECORD_SCM_ECN_ENGR_CHANGE_ORDER,T,RELEASED
7576,496,customdeploy_scm_ecn_eco_type_ue,CUSTOMRECORD_SCM_ECN_ECO_TYPE,T,RELEASED
7577,497,customdeploy_scm_cpn_ue_entry_asm,ASSEMBLYITEM,T,RELEASED
7582,497,customdeploy_scm_cpn_ue_entry_ser_inv,SERIALIZEDINVENTORYITEM,T,RELEASED
7581,497,customdeploy_scm_cpn_ue_entry_ser_asm,SERIALIZEDASSEMBLYITEM,T,RELEASED
7579,497,customdeploy_scm_cpn_ue_entry_lot_asm,LOTNUMBEREDASSEMBLYITEM,T,RELEASED
7580,497,customdeploy_scm_cpn_ue_entry_lot_inv,LOTNUMBEREDINVENTORYITEM,T,RELEASED
7578,497,customdeploy_scm_cpn_ue_entry_inv,INVENTORYITEM,T,RELEASED
7583,498,customdeploy_scm_lc_ue_entry_asm,ASSEMBLYITEM,T,RELEASED
7585,498,customdeploy_scm_lc_ue_entry_lot_asm,LOTNUMBEREDASSEMBLYITEM,T,RELEASED
7588,498,customdeploy_scm_lc_ue_entry_ser_inv,SERIALIZEDINVENTORYITEM,T,RELEASED
7586,498,customdeploy_scm_lc_ue_entry_lot_inv,LOTNUMBEREDINVENTORYITEM,T,RELEASED
7584,498,customdeploy_scm_lc_ue_entry_inv,INVENTORYITEM,T,RELEASED
7587,498,customdeploy_scm_lc_ue_entry_ser_asm,SERIALIZEDASSEMBLYITEM,T,RELEASED
476,499,customdeploy_scm_lc_ue_fieldhandling_vc,VENDORCREDIT,T,RELEASED
475,499,customdeploy_scm_lc_ue_fieldhandling_vr,VENDORRETURNAUTHORIZATION,T,RELEASED
474,499,customdeploy_scm_lc_ue_fieldhandling_rq,PURCHASEREQUISITION,T,RELEASED
473,499,customdeploy_scm_lc_ue_fieldhandling_bp,BLANKETPURCHASEORDER,T,RELEASED
477,499,customdeploy_scm_lc_ue_fieldhandling_pc,PURCHASECONTRACT,T,RELEASED
478,500,customdeploy_scm_ue_lockedit_pref,CUSTOMRECORD_SCM_PREFERENCES,T,RELEASED
479,500,customdeploy_scm_ue_lockedit_prl,CUSTOMRECORD_SCM_PRINTREPORTLOG,T,RELEASED
7591,501,customdeploy_scm_is_item_ue_invprt_ser,SERIALIZEDINVENTORYITEM,T,RELEASED
7590,501,customdeploy_scm_is_item_ue_invprt_lot,LOTNUMBEREDINVENTORYITEM,T,RELEASED
7589,501,customdeploy_scm_is_item_ue_invprt,INVENTORYITEM,T,RELEASED
7592,501,customdeploy_scm_is_item_ue_asmbly,ASSEMBLYITEM,T,RELEASED
7594,501,customdeploy_scm_is_item_ue_asmbly_ser,SERIALIZEDASSEMBLYITEM,T,RELEASED
7593,501,customdeploy_scm_is_item_ue_asmbly_lot,LOTNUMBEREDASSEMBLYITEM,T,RELEASED
486,502,customdeploy_scm_lc_ue_itemprofilemap,CUSTOMRECORD_SCM_LC_MAPPING,T,RELEASED
7595,503,customdeploy_scm_ecn_implem_eco_log_ue,CUSTOMRECORD_SCM_ECN_IMPLEMENT_ECO_LOG,T,RELEASED
488,504,customdeploy_scm_lc_ue_costcatprofiledet,CUSTOMRECORD_SCM_LC_PROFILE_DETAIL,T,RELEASED
7596,505,customdeploy_scm_cpn_ue_so,SALESORDER,T,RELEASED
7597,505,customdeploy_scm_cpn_ue_invc,INVOICE,F,RELEASED
491,506,customdeploy_scm_lc_su_itemmaprdrct,,T,RELEASED
492,507,customdeploy_scm_su_preferences,,T,RELEASED
493,508,customdeploy_scm_su_reportstatus,,T,RELEASED
494,509,customdeploy_scm_ecn_implement_eco_log,,T,RELEASED
7598,510,customdeploy_scm_su_viewpdffile,,T,RELEASED
496,511,customdeploy_scm_get_domain_su,,T,RELEASED
7599,512,customdeploy_scm_su_admin_bgp,,T,RELEASED
498,513,customdeploy_scm_su_printeodshipping,,T,RELEASED
7600,514,customdeploy_scm_dictionary_loader_su,,T,RELEASED
7601,515,customdeploy_scm_su_printcountsheet,,T,RELEASED
501,516,customdeploy_scm_su_deletereportstatus,,T,RELEASED
502,517,customdeploy_scm_ecn_implement_eco,,T,RELEASED
504,519,customdeploy_scm_is_trans_popup_su,,T,RELEASED
505,520,customdeploy_scm_ecn_get_eco_details,,T,RELEASED
506,521,customdeploy_scm_landing_page_su,,T,RELEASED
7602,522,customdeploy_scm_cpn_su_cleaner,,T,RELEASED
7603,523,customdeploy_scm_su_printdispatchlist,,T,RELEASED
7604,524,customdeploy_scm_su_printtraveler,,T,RELEASED
511,526,customdeploy_scm_ss_deletereportstatus,,T,NOTSCHEDULED
7605,527,customdeploy_scm_cpn_ss_cleaner,,T,SCHEDULED
513,528,customdeploy_scm_ss_bgcleanupprocess,,T,SCHEDULED
7606,529,customdeploy_scm_ss_bgprocess,,T,NOTSCHEDULED
522,536,customdeploy_ecodetails_mr_delorp_sched,,T,SCHEDULED
521,536,customdeploy_ecodetails_mr_deleteorphans,,T,NOTSCHEDULED
523,537,customdeploy_eco_mr_bulk_process,,T,NOTSCHEDULED
524,537,customdeploy_eco_mr_bulk_process_sched,,T,SCHEDULED
525,538,customdeploy_scm_cpn_cs,CUSTOMRECORD_SCM_CUSTOMERPARTNUMBER,T,RELEASED
7608,541,customdeploy_scm_cpn_cs_lot,LOTNUMBEREDINVENTORYITEM,T,RELEASED
7607,541,customdeploy_scm_cpn_cs_inv,INVENTORYITEM,T,RELEASED
7609,541,customdeploy_scm_cpn_cs_ser,SERIALIZEDINVENTORYITEM,T,RELEASED
7610,542,customdeploy_scm_is_trans_cs_so,SALESORDER,T,RELEASED
7613,544,customdeploy_scm_lc_cs_ser,SERIALIZEDINVENTORYITEM,T,RELEASED
7612,544,customdeploy_scm_lc_cs_lot,LOTNUMBEREDINVENTORYITEM,T,RELEASED
7611,544,customdeploy_scm_lc_cs_inv,INVENTORYITEM,T,RELEASED
534,545,customdeploy_scm_lc_cs_trans_po,PURCHASEORDER,T,RELEASED
535,545,customdeploy_scm_lc_cs_trans_ir,ITEMRECEIPT,T,RELEASED
533,545,customdeploy_scm_lc_cs_trans_vbill,VENDORBILL,T,RELEASED
537,546,customdeploy_scm_cpn_cs_invc,INVOICE,T,RELEASED
536,546,customdeploy_scm_cpn_cs_so,SALESORDER,T,RELEASED
538,548,customdeploy_eco_cs_eng_change_notice,CUSTOMRECORD_SCM_ECN_ENGR_CHANGE_ORDER,T,RELEASED
7614,549,customdeploy_scm_lc_cs_costcatprofile,CUSTOMRECORD_SCM_LC_PROFILE,T,RELEASED
736,553,customdeploy2,SALESORDER,T,RELEASED
540,553,customdeploy1,ESTIMATE,T,RELEASED
541,554,customdeploy1,PURCHASEORDER,T,TESTING
8082,555,customdeploy_stick_bundle_install,,T,RELEASED
544,556,customdeploy_stick_fsize_ue,CUSTOMRECORD_STICK_FONT_SIZE,T,RELEASED
8083,557,customdeploy_stick_category_ue,CUSTOMRECORD_STICK_NOTE_CATEGORY,T,RELEASED
8084,558,customdeploy_stick_note_record_page_ue,RECORD,T,RELEASED
547,559,customdeploy_stick_nsize_ue,CUSTOMRECORD_STICK_NOTE_SIZE,T,RELEASED
8085,561,customdeploy_stick_board_frontend_sl,,T,RELEASED
550,562,customdeploy_stickease_admin_backend_sl,,T,RELEASED
551,563,customdeploy_stickease_user_backend_sl,,T,RELEASED
8086,564,customdeploy_stickynotes_setup,,T,RELEASED
553,565,customdeploy_stick_generate_css_sl,,T,RELEASED
8087,566,customdeploy_stick_file_dnd_sl,,T,RELEASED
8088,567,customdeploy_stick_csvexport_sl,,T,RELEASED
8089,568,customdeploy_stick_file_dl_sl,,T,RELEASED
8090,569,customdeploy_stick_sched_script_queue_ha,,T,NOTSCHEDULED
8091,569,customdeploy_stick_sched_script_queue_h2,,T,NOTSCHEDULED
559,571,customdeploy_stick_email_capture,,T,RELEASED
560,572,customdeploy1,,T,NOTSCHEDULED
1698,574,customdeploy2,,T,RELEASED
562,574,customdeploy1,,T,RELEASED
564,577,customdeploy1,,T,RELEASED
569,579,customdeploy2,ESTIMATE,T,RELEASED
567,580,customdeploy1,,T,RELEASED
568,581,customdeploy1,INVENTORYITEM,F,RELEASED
570,582,customdeploy1,,T,NOTSCHEDULED
577,583,customdeploy_bf_sdf_install_certcreation,,T,RELEASED
578,584,customdeploy_bf_sdf_install_exclusion,,T,RELEASED
579,585,customdeploy_bf_sdf_install_fifpcreation,,T,RELEASED
580,586,customdeploy_bf_model_ns_audittrailclean,,T,SCHEDULED
571,587,customdeploy_bf_parser_bf,,T,RELEASED
572,588,customdeploy_bf_parser_se,,T,RELEASED
573,589,customdeploy_fi_account_aggr,,T,RELEASED
574,590,customdeploy_fi_account_aggr_acctinf_se,,T,RELEASED
575,591,customdeploy_fi_account_aggr_eu_unreg_se,,T,RELEASED
576,592,customdeploy_fi_account_aggr_partner_se,,T,RELEASED
581,593,customdeploy_bf_su_autoclose,,T,RELEASED
582,594,customdeploy_bf_su_delete,,T,RELEASED
583,595,customdeploy_bf_su_fastlink_bf,,T,RELEASED
584,596,customdeploy_bf_su_manage_acctinf_se,,T,RELEASED
585,597,customdeploy_bf_su_manage_eu_unreg_se,,T,RELEASED
586,598,customdeploy_bf_su_manage_se,,T,RELEASED
587,599,customdeploy_bf_su_rebuild_update_se,,T,RELEASED
588,600,customdeploy_bf_su_register_se,,T,RELEASED
589,601,customdeploy_bf_view_cfg_yodlee_manage,,T,RELEASED
590,683,customdeploy1,,T,RELEASED
591,685,customdeploy1,CUSTOMRECORD_ZASTRO_PO_CONSOLID,T,RELEASED
592,686,customdeploy1,CUSTOMRECORD_SA_CONSOLIDATED_PACKING,T,RELEASED
593,687,customdeploy1,CUSTOMRECORD_SA_CONSOLIDATED_PACKING,T,RELEASED
594,688,customdeploy1,,T,RELEASED
595,689,customdeploy1,,T,RELEASED
596,692,customdeploy1,,F,SCHEDULED
597,693,customdeploy1,,T,RELEASED
598,694,customdeploy1,CUSTOMRECORD_SA_CONSOLIDATED_PACKING,T,RELEASED
634,696,customdeploy1,,T,RELEASED
635,697,customdeploy1,CUSTOMRECORD_ZASTRO_PO_CONSOLID,T,RELEASED
636,699,customdeploy1,SALESORDER,F,RELEASED
637,700,customdeploy_bf_su_disclaimer_ydl,,T,RELEASED
638,701,customdeploy_bf_su_useragreement_ydl,,T,RELEASED
639,800,customdeploy1,,T,NOTSCHEDULED
641,802,customdeploy1,,T,TESTING
642,802,customdeploy2,,T,NOTSCHEDULED
643,803,customdeploy_pl_lineitem_totals,SALESORDER,T,TESTING
732,804,customdeploy1,,T,NOTSCHEDULED
734,806,customdeploy1,SALESORDER,T,RELEASED
953,806,customdeploy2,CASHSALE,F,TESTING
5837,807,customdeploy2,SALESORDER,T,RELEASED
793,808,customdeploy1,INVENTORYITEM,T,RELEASED
800,815,customdeploy1,SALESORDER,T,TESTING
801,816,customdeploy1,ITEMRECEIPT,T,RELEASED
803,818,customdeploy1,,T,RELEASED
804,819,customdeploy1,,T,NOTSCHEDULED
805,820,customdeploy1,,T,TESTING
806,821,customdeploy1,,T,RELEASED
807,823,customdeploy1,CUSTOMER,T,TESTING
832,824,customdeploy1,,T,NOTSCHEDULED
834,825,customdeploy1,,T,NOTSCHEDULED
835,826,customdeploy1,,T,NOTSCHEDULED
836,828,customdeploy1,,T,RELEASED
837,829,customdeploy1,,T,RELEASED
838,830,customdeploy1,CUSTOMRECORD_PL_REC_SUMMARY,T,RELEASED
839,831,customdeploy1,CUSTOMRECORD_PL_REC_SUMMARY,T,RELEASED
840,832,customdeploy1,CUSTOMRECORD_PR_MASS_IFUL_PARENT,T,RELEASED
841,833,customdeploy1,ITEMFULFILLMENT,T,RELEASED
918,834,customdeploy_ach_ep_migration_mr_emp,,T,NOTSCHEDULED
920,834,customdeploy_ach_ep_migration_mr_cus,,T,NOTSCHEDULED
919,834,customdeploy_ach_ep_migration_mr_ven,,T,NOTSCHEDULED
934,836,customdeploy1,,T,NOTSCHEDULED
935,837,customdeploy1,CUSTOMRECORD_PR_DELIVERY_RECORD,T,RELEASED
936,838,customdeploy1,CUSTOMRECORD_PR_DELIVERY_RECORD,T,RELEASED
937,839,customdeploy1,,T,RELEASED
938,840,customdeploy1,,T,NOTSCHEDULED
1224,840,customdeploy2,,T,TESTING
942,841,customdeploy1,,T,SCHEDULED
939,842,customdeploy_pl_create_item_list_button,SALESORDER,T,RELEASED
941,844,customdeploy_pl_create_item_list_sl,,T,RELEASED
945,845,customdeploy1,ITEMFULFILLMENT,T,RELEASED
946,846,customdeploy1,ITEMFULFILLMENT,T,RELEASED
947,847,customdeploy1,,T,RELEASED
948,848,customdeploy1,,T,SCHEDULED
949,849,customdeploy1,,T,TESTING
950,850,customdeploy1,,T,RELEASED
951,852,customdeploy1,CUSTOMRECORD_PL_REC_SUMMARY,T,RELEASED
952,853,customdeploy1,VENDORBILL,T,RELEASED
954,854,customdeploy_pr_create_so_ue,ESTIMATE,T,TESTING
955,856,customdeploy1,,T,RELEASED
956,857,customdeploy_pr_set_po_tran_id,PURCHASEORDER,T,TESTING
957,858,customdeploy1,,T,NOTSCHEDULED
961,859,customdeploy_cash360_cs_accountcategory,CUSTOMRECORD_CASH360_ACCOUNTCATEGORY,T,RELEASED
958,860,customdeploy_cash360_su_accountcategory,,T,RELEASED
963,861,customdeploy_cash360_su_application_data,,T,RELEASED
964,862,customdeploy_cash360_su_arap,,T,RELEASED
965,863,customdeploy_cash360_su_inflow_outflow,,T,RELEASED
966,864,customdeploy_cash360_su_opening_balance,,T,RELEASED
959,865,customdeploy_cash360_su_page_redirect,,T,RELEASED
967,866,customdeploy_cash360_su_preference,,T,RELEASED
960,867,customdeploy_cash360_ue_account,CUSTOMRECORD_CASH360_ACCOUNT,T,RELEASED
962,868,customdeploy_cash360_ue_accountcategory,CUSTOMRECORD_CASH360_ACCOUNTCATEGORY,T,RELEASED
968,959,custdeploy_custspa_cash360,,T,TESTING
1068,1059,customdeploy_idle_set_commit_so_item,SALESORDER,T,RELEASED
1069,1061,customdeploy_pl_set_commit_so_item_sl,,T,RELEASED
1091,1062,customdeploy1,,T,NOTSCHEDULED
1093,1063,customdeploy_15767_batch_approval_wf,CUSTOMRECORD_2663_FILE_ADMIN,T,RELEASED
1095,1064,customdeploy_15767_batch_rejection_wf,CUSTOMRECORD_2663_FILE_ADMIN,T,RELEASED
1112,1065,customdeploy_15906_ep_logs_ue,CUSTOMRECORD_15906_EP_LOGS,T,RELEASED
1114,1066,customdeploy_15767_payment_file_mgmt_ue,CUSTOMRECORD_2663_FILE_ADMIN,T,RELEASED
2956,1067,customdeploy_10184_global_dd_selection,,T,RELEASED
1121,1068,customdeploy_15767_exchangrate_loader_su,,T,RELEASED
1122,1069,customdeploy_15767_batch_selection_ap_su,,T,RELEASED
1124,1070,customdeploy_15767_ge_eft_selection_su,,T,RELEASED
1125,1071,customdeploy_15767_positive_pay_su,,T,RELEASED
1127,1072,customdeploy_15767_processor_bridge_su,,T,RELEASED
2958,1073,customdeploy_15767_pfa_jumplet_su,,T,RELEASED
1129,1074,customdeploy_15767_ep_direct_debit_su,,T,RELEASED
1132,1075,customdeploy_15767_batch_selection_su,,T,RELEASED
1135,1076,customdeploy_15767_ep_customer_refund_su,,T,RELEASED
1137,1077,customdeploy_15767_ge_dd_selection_su,,T,RELEASED
1139,1078,customdeploy_15767_eft_paymt_selection_s,,T,RELEASED
1142,1079,customdeploy_ep_migrate_pfa_to_ss2_ss,,T,NOTSCHEDULED
1154,1081,customdeploy_15767_payment_file_mgmt_cs,CUSTOMRECORD_2663_FILE_ADMIN,T,RELEASED
1159,1084,customdeploy1,ITEMFULFILLMENT,T,RELEASED
1160,1085,customdeploy1,,T,SCHEDULED
1210,1085,customdeploy3,,T,NOTSCHEDULED
1209,1085,customdeploy2,,T,SCHEDULED
4992,1085,customdeploy_new_stored_initiator_ss_4,,T,NOTSCHEDULED
1211,1086,customdeploy1,,T,NOTSCHEDULED
1212,1087,customdeploy_add_inv_adj_items_to_so,INVENTORYADJUSTMENT,T,RELEASED
1213,1088,customdeploy_pl_commit_off_scotts_so,SALESORDER,F,TESTING
1214,1089,customdeploy1,,T,NOTSCHEDULED
1215,1090,customdeploy1,,T,SCHEDULED
1216,1090,customdeploy2,,T,NOTSCHEDULED
1218,1091,customdeploy2,,T,SCHEDULED
1217,1091,customdeploy1,,T,NOTSCHEDULED
1221,1094,customdeploy1,,T,NOTSCHEDULED
1222,1095,customdeploy1,,T,RELEASED
1223,1098,customdeploy1,,T,NOTSCHEDULED
1273,1099,customdeploy1,,T,NOTSCHEDULED
1275,1100,customdeploy2,,T,NOTSCHEDULED
1274,1100,customdeploy1,,T,NOTSCHEDULED
1276,1101,customdeploy1,,T,RELEASED
1277,1104,customdeploy1,,T,NOTSCHEDULED
1279,1106,customdeploy1,SALESORDER,T,RELEASED
1280,1107,customdeploy1,,T,RELEASED
1305,1108,customdeploy_cash360_su_redirect,,T,RELEASED
1343,1208,customdeploy_15889_ep_ge_cust_refund_su,,T,RELEASED
1356,1209,customdeploy_ca_ach_ep_migration_mr_ven,,T,NOTSCHEDULED
1355,1209,customdeploy_ca_ach_ep_migration_mr_emp,,T,NOTSCHEDULED
3603,1211,customdeploy2,,T,NOTSCHEDULED
1419,1211,customdeploy1,,T,SCHEDULED
1420,1212,customdeploy1,,F,NOTSCHEDULED
7459,1213,customdeploy_fam_suiteappinstall_bi,,T,RELEASED
1432,1214,customdeploy_fam_ue_alt_depr,CUSTOMRECORD_NCFAR_ALTDEPRECIATION,T,RELEASED
1433,1215,customdeploy_fam_altmethod_ue,CUSTOMRECORD_NCFAR_ALTMETHODS,T,RELEASED
1434,1216,customdeploy_fam_defaltdepreciation_ue,CUSTOMRECORD_NCFAR_ALTDEPRDEF,T,RELEASED
1435,1217,customdeploy_fam_ue_process,CUSTOMRECORD_FAM_PROCESS,T,RELEASED
1436,1218,customdeploy_fam_custjournal_ue_depr,CUSTOMTRANSACTION_FAM_DEPR_JRN,T,RELEASED
1439,1218,customdeploy_fam_custjournal_ue_tran,CUSTOMTRANSACTION_FAM_TRANSFER_JRN,T,RELEASED
1438,1218,customdeploy_fam_custjournal_ue_rev,CUSTOMTRANSACTION_FAM_REVALUATION_JRN,T,RELEASED
1437,1218,customdeploy_fam_custjournal_ue_disp,CUSTOMTRANSACTION_FAM_DISP_JRN,T,RELEASED
1440,1219,customdeploy_fam_assetproposal_ue,CUSTOMRECORD_NCFAR_ASSETPROPOSAL,T,RELEASED
1441,1220,customdeploy_fam_ue_leaseproposal,CUSTOMTRANSACTION_FAM_LEASEPROPOSAL,T,RELEASED
1442,1221,customdeploy_fam_ue_system_setup,CUSTOMRECORD_NCFAR_SYSTEMSETUP,T,RELEASED
1443,1222,customdeploy_fam_ue_asset,CUSTOMRECORD_NCFAR_ASSET,T,RELEASED
1444,1223,customdeploy_fam_ue_leasepayment,CUSTOMRECORD_FAM_LEASEPAYMENTS,T,RELEASED
1445,1224,customdeploy_fam_tranfieldmap_ue,CUSTOMRECORD_FAM_TPAF_MAPPING,T,RELEASED
1446,1225,customdeploy_fam_ue_deprmethod,CUSTOMRECORD_NCFAR_DEPRMETHOD,T,RELEASED
1447,1226,customdeploy_fam_ue_leasecontract,CUSTOMRECORD_FAM_LEASECONTRACT,T,RELEASED
1448,1227,customdeploy_fam_propaltdepreciation_ue,CUSTOMRECORD_NCFAR_ALTDEPR_PROPOSAL,T,RELEASED
1449,1228,customdeploy_fam_deprhistory_ue,CUSTOMRECORD_NCFAR_DEPRHISTORY,T,RELEASED
1450,1229,customdeploy_fam_assettype_ue,CUSTOMRECORD_NCFAR_ASSETTYPE,T,RELEASED
1451,1230,customdeploy_fam_ue_asset_val,CUSTOMRECORD_FAM_ASSETVALUES,T,RELEASED
4252,1231,customdeploy_fam_project_ue,JOB,T,RELEASED
1453,1232,customdeploy_fam_ue_bgprocess,CUSTOMRECORD_BG_PROCINSTANCE,T,RELEASED
1454,1233,customdeploy_fam_bgsummary_ue,CUSTOMRECORD_BG_SUMMARYRECORD,T,RELEASED
1455,1234,customdeploy_fam_reporttemplatecolumn_su,,T,RELEASED
1456,1235,customdeploy_fam_recognizeleaseint_su,,T,RELEASED
1457,1236,customdeploy_fam_generatereport_su,,T,RELEASED
1458,1237,customdeploy_fam_review_orphaneddhrs_su,,T,RELEASED
1459,1238,customdeploy_fam_leasemodification_su,,T,RELEASED
1460,1239,customdeploy_fam_diagnosisscan_su,,T,RELEASED
1461,1240,customdeploy_fam_serverapi_su,,T,RELEASED
1462,1241,customdeploy_fam_manageassetproposal_su,,T,RELEASED
1463,1242,customdeploy_fam_reportshistory_su,,T,RELEASED
1464,1243,customdeploy_fam_assettransfer_su,,T,RELEASED
1465,1244,customdeploy_fam_triggerprocredirect_su,,T,RELEASED
1466,1245,customdeploy_fam_assetrevaluation_su,,T,RELEASED
1467,1246,customdeploy_fam_specialdepr_su,,T,RELEASED
1468,1247,customdeploy_fam_su_assetsplit,,T,RELEASED
1469,1248,customdeploy_fam_compound_asset_su,,T,RELEASED
1470,1249,customdeploy_fam_reviewassets_novals_su,,T,RELEASED
1471,1250,customdeploy_fam_systemsetup_su,,T,RELEASED
1472,1251,customdeploy_fam_showdeprhistory_su,,T,RELEASED
1473,1252,customdeploy_fam_deleteasset_su,,T,RELEASED
1474,1253,customdeploy_fam_reviewderogatorydhr_su,,T,RELEASED
1475,1254,customdeploy_fam_gensched_su,,T,RELEASED
1476,1255,customdeploy_fam_assetdepreciation_su,,T,RELEASED
1477,1256,customdeploy_fam_su_proposalsplit,,T,RELEASED
1478,1257,customdeploy_fam_reportdlopts_su,,T,RELEASED
1479,1258,customdeploy_fam_fprstatus_su,,T,RELEASED
1480,1259,customdeploy_fam_su_importcsv,,T,RELEASED
1481,1260,customdeploy_fam_fprerrors_su,,T,RELEASED
1482,1261,customdeploy_fam_reporttemplate_su,,T,RELEASED
1483,1262,customdeploy_fam_triggerprocess_su,,T,RELEASED
1484,1263,customdeploy_fam_finalizeleaseprop_su,,T,RELEASED
4251,1264,customdeploy_fam_migrateleasecontract_su,,T,RELEASED
1486,1265,customdeploy_fam_disposal_su,,T,RELEASED
1488,1266,customdeploy_fam_assetcreation_su,,T,RELEASED
1487,1266,customdeploy_fam_assetproposal_su,,T,RELEASED
1489,1267,customdeploy_fam_migrateleasesummary_su,,T,RELEASED
1490,1268,customdeploy_fam_fprsummary_su,,T,RELEASED
1491,1269,customdeploy_fam_assetproposal_custom_su,,T,RELEASED
1492,1270,customdeploy_fam_triggererrorhandling_ss,,T,NOTSCHEDULED
1493,1271,customdeploy_fam_updatealtmethodsubs_ss,,T,NOTSCHEDULED
1494,1272,customdeploy_fam_migratetoprecompute_ss,,T,NOTSCHEDULED
1495,1273,customdeploy_fam_searchjpspecdeprvals_ss,,T,NOTSCHEDULED
1496,1274,customdeploy_fam_renderschedule16_ss,,T,NOTSCHEDULED
1497,1275,customdeploy_fam_trigrptcleanup_ss,,T,NOTSCHEDULED
1498,1275,customdeploy_fam_trigrptcleanup_recur_ss,,T,SCHEDULED
1499,1276,customdeploy_fam_searchregreportszv_ss,,T,NOTSCHEDULED
1500,1277,customdeploy_fam_triggerprocess_ss,,T,NOTSCHEDULED
1501,1278,customdeploy_fam_triggerprecompute_ss,,T,SCHEDULED
1505,1279,customdeploy_fam_diagnosisscan_monthly,,T,SCHEDULED
1504,1279,customdeploy_fam_diagnosisscan_weekly,,T,SCHEDULED
1502,1279,customdeploy_fam_diagnosisscan_ss,,T,NOTSCHEDULED
1503,1279,customdeploy_fam_diagnosisscan_daily,,T,SCHEDULED
1506,1280,customdeploy_fam_renderregreport_ss,,T,NOTSCHEDULED
1507,1281,customdeploy_fam_transferassetscsv_ss,,T,NOTSCHEDULED
1508,1282,customdeploy_fam_searchregreportdata_ss,,T,NOTSCHEDULED
1509,1283,customdeploy_fam_constructsplitdetail_ss,,T,NOTSCHEDULED
1510,1284,customdeploy_fam_renderdeprmonth_ss,,T,NOTSCHEDULED
1511,1285,customdeploy_fam_processmanager_ss,,T,NOTSCHEDULED
1512,1286,customdeploy_fam_diagnosisschedsetup_ss,,T,NOTSCHEDULED
1513,1287,customdeploy_fam_rendersummreport_ss,,T,NOTSCHEDULED
1514,1288,customdeploy_fam_triggerresetsched_ss,,T,SCHEDULED
1515,1289,customdeploy_fam_deletefiles_rs,,T,RELEASED
1516,1290,customdeploy_fam_createleasejrn_rs,,T,RELEASED
1517,1291,customdeploy_fam_modifylease_rs,,T,RELEASED
1518,1292,customdeploy_fam_checkcustreportcols_rs,,T,RELEASED
1519,1293,customdeploy_fam_resxclient_rs,,T,RELEASED
1520,1294,customdeploy_fam_diagnostics_pl,,T,RELEASED
1521,1295,customdeploy_fam_deactivate_lpay_mr,,T,NOTSCHEDULED
1522,1296,customdeploy_fam_revalueasset_mr,,T,NOTSCHEDULED
1523,1297,customdeploy_fam_reportscleanup_mr,,T,NOTSCHEDULED
1524,1298,customdeploy_fam_orphaneddhrsdiag_mr,,T,NOTSCHEDULED
1525,1299,customdeploy_fam_generatedeprsched_mr,,T,NOTSCHEDULED
1526,1300,customdeploy_fam_split_mr,,T,NOTSCHEDULED
1527,1301,customdeploy_fam_postupgradeschk_mr,,T,NOTSCHEDULED
1528,1302,customdeploy_fam_validateasset_mr,,T,NOTSCHEDULED
1529,1303,customdeploy_fam_disposeasset_mr,,T,NOTSCHEDULED
1530,1304,customdeploy_fam_resetassetvals_mr,,T,NOTSCHEDULED
1531,1305,customdeploy_fam_finalizeleaseprop_mr,,T,NOTSCHEDULED
1532,1306,customdeploy_fam_migrate_generic_mr,,T,NOTSCHEDULED
1533,1307,customdeploy_fam_resetjpassets_mr,,T,NOTSCHEDULED
1534,1308,customdeploy_fam_postdepr_mapdhr_mr,,T,NOTSCHEDULED
1535,1309,customdeploy_fam_generateleasesched_mr,,T,NOTSCHEDULED
1536,1310,customdeploy_fam_deleteassetdhr_mr,,T,NOTSCHEDULED
1537,1311,customdeploy_fam_mr_updateassetinvoice,,T,NOTSCHEDULED
1538,1312,customdeploy_fam_postdepr_nobook_mr,,T,NOTSCHEDULED
1539,1313,customdeploy_fam_mr_proposalsplit,,T,NOTSCHEDULED
1540,1314,customdeploy_fam_addassetvals_mr,,T,NOTSCHEDULED
1541,1315,customdeploy_fam_createleasepayment_mr,,T,NOTSCHEDULED
1542,1316,customdeploy_fam_updcomass_mr,,T,NOTSCHEDULED
1543,1317,customdeploy_fam_mr_rollbackrecords,,T,NOTSCHEDULED
1544,1318,customdeploy_fam_migrateleasecontract_mr,,T,NOTSCHEDULED
1545,1319,customdeploy_fam_precalc_mr,,T,NOTSCHEDULED
1546,1320,customdeploy_fam_recognize_leaseint_mr,,T,NOTSCHEDULED
1547,1321,customdeploy_fam_migratetoprecompute_mr,,T,NOTSCHEDULED
1548,1322,customdeploy_fam_migrateleasesummary_mr,,T,NOTSCHEDULED
1549,1323,customdeploy_fam_createjournal_mr,,T,NOTSCHEDULED
1550,1324,customdeploy_fam_convertassetids_mr,,T,NOTSCHEDULED
1551,1325,customdeploy_fam_deleteasset_mr,,T,NOTSCHEDULED
1552,1326,customdeploy_fam_attachleasepayment_mr,,T,NOTSCHEDULED
1553,1327,customdeploy_fam_reverse_intjrns_mr,,T,NOTSCHEDULED
1554,1328,customdeploy_fam_generatedeprmonth_mr,,T,NOTSCHEDULED
1555,1329,customdeploy_fam_deleteoldforecast_mr,,T,NOTSCHEDULED
1556,1330,customdeploy_fam_deletescheduledhr_mr,,T,NOTSCHEDULED
1557,1331,customdeploy_fam_migrate_postingtax_mr,,T,NOTSCHEDULED
1558,1332,customdeploy_fam_retrieve_assetvalues_mr,,T,NOTSCHEDULED
1559,1333,customdeploy_fam_postdepr_updateasset_mr,,T,NOTSCHEDULED
1560,1334,customdeploy_fam_setup_accountrecords,,T,NOTSCHEDULED
1561,1335,customdeploy_fam_mr_postprocess,,T,NOTSCHEDULED
1562,1336,customdeploy_fam_transfer_validate_mr,,T,NOTSCHEDULED
1563,1337,customdeploy_fam_cleanupdeprfiles_mr,,T,NOTSCHEDULED
1564,1337,customdeploy_fam_rec_cleanupdeprfiles_mr,,T,SCHEDULED
1565,1338,customdeploy_fam_transferasset_mr,,T,NOTSCHEDULED
1566,1339,customdeploy_fam_createcompound_mr,,T,NOTSCHEDULED
1567,1340,customdeploy_fam_createsummaries_mr,,T,NOTSCHEDULED
1568,1341,customdeploy_fam_generateasset_mr,,T,NOTSCHEDULED
1569,1343,customdeploy_fam_proposeasset_mr,,T,NOTSCHEDULED
1570,1344,customdeploy_fam_generatederogatorydhrs,,T,NOTSCHEDULED
1571,1345,customdeploy_fam_altdepreciation_cs,CUSTOMRECORD_NCFAR_ALTDEPRECIATION,T,RELEASED
1572,1347,customdeploy_fam_altmethod_cs,CUSTOMRECORD_NCFAR_ALTMETHODS,T,RELEASED
1573,1348,customdeploy_fam_leaseproposal_cs,CUSTOMTRANSACTION_FAM_LEASEPROPOSAL,T,RELEASED
1574,1349,customdeploy_fam_defaltdepreciation_cs,CUSTOMRECORD_NCFAR_ALTDEPRDEF,T,RELEASED
1575,1350,customdeploy_fam_propaltdepreciation_cs,CUSTOMRECORD_NCFAR_ALTDEPR_PROPOSAL,T,RELEASED
1576,1351,customdeploy_fam_proposal_cs,CUSTOMRECORD_NCFAR_ASSETPROPOSAL,T,RELEASED
1577,1352,customdeploy_fam_assettype_cs,CUSTOMRECORD_NCFAR_ASSETTYPE,T,RELEASED
1578,1353,customdeploy_fam_tranfieldmap_cs,CUSTOMRECORD_FAM_TPAF_MAPPING,T,RELEASED
1579,1354,customdeploy_fam_asset_cs,CUSTOMRECORD_NCFAR_ASSET,T,RELEASED
1580,1355,customdeploy_fam_depreciationmethod_cs,CUSTOMRECORD_NCFAR_DEPRMETHOD,T,RELEASED
1584,1356,customdeploy_fam_constructrevaldetail_ss,,T,NOTSCHEDULED
1612,1357,customdeploy_17801_ge_batch_list_su,,T,RELEASED
1621,1358,customdeploy_17801_ep_gebatch_process_pt,,T,RELEASED
1697,1359,customdeploy1,,T,NOTSCHEDULED
1699,1360,customdeploy_ramp_restlet,,T,RELEASED
1702,1460,customdeploy_mark_estimate_so,SALESORDER,T,RELEASED
1773,1594,customdeploy_estimate_ue,SALESORDER,T,RELEASED
1860,1694,customdeploy2,,T,NOTSCHEDULED
1861,1694,customdeploy1,,T,SCHEDULED
1862,1695,customdeploy1,,T,NOTSCHEDULED
1863,1696,customdeploy1,,T,NOTSCHEDULED
1864,1697,customdeploy1,,T,NOTSCHEDULED
1855,1698,customdeploy1,,T,RELEASED
1854,1698,customdeploy2,,T,RELEASED
1856,1699,customdeploy1,CUSTOMRECORD_ZASTRO_LIGHTS_ITEMS,T,RELEASED
1868,1700,customdeploy1,,T,NOTSCHEDULED
1869,1700,customdeploy2,,T,NOTSCHEDULED
1870,1700,customdeploy3,,T,NOTSCHEDULED
1857,1701,customdeploy1,,T,NOTSCHEDULED
1858,1702,customdeploy1,,T,NOTSCHEDULED
1859,1702,customdeploy2,,T,NOTSCHEDULED
1875,1703,customdeploy2,,T,NOTSCHEDULED
1873,1703,customdeploy3,,T,NOTSCHEDULED
1872,1703,customdeploy5,,T,NOTSCHEDULED
1874,1703,customdeploy4,,T,NOTSCHEDULED
1871,1703,customdeploy1,,T,NOTSCHEDULED
1865,1704,customdeploy1,,T,NOTSCHEDULED
1866,1705,customdeploy1,CUSTOMRECORD_ZASTRO_API_SCHEDULER,T,RELEASED
1867,1706,customdeploy1,,T,NOTSCHEDULED
1876,1707,customdeploy1,,T,NOTSCHEDULED
5679,1708,customdeploy_delete_records_2,,T,NOTSCHEDULED
1878,1709,customdeploy_bf_su_delete_se_eu_reg,,T,RELEASED
1879,1809,customdeploy_bf_sdf_install_issue792636,,T,RELEASED
2552,1909,customdeploy2,,T,NOTSCHEDULED
7676,1910,customdeploy_ste_bundle_install,,T,RELEASED
1935,1911,customdeploy_ste_wf_trans_comp_text_act,INVOICE,T,RELEASED
1949,1914,customdeploy_ste_ue_ln_inventory_item,LOTNUMBEREDINVENTORYITEM,T,RELEASED
1947,1914,customdeploy_ste_ue_serial_assembly_item,SERIALIZEDASSEMBLYITEM,T,RELEASED
1948,1914,customdeploy_ste_ue_serial_invent_item,SERIALIZEDINVENTORYITEM,T,RELEASED
1946,1914,customdeploy_ste_ue_ln_assembly_item,LOTNUMBEREDASSEMBLYITEM,T,RELEASED
1945,1914,customdeploy_ste_ue_assemly_item,ASSEMBLYITEM,T,RELEASED
1944,1914,customdeploy_ste_ue_download_item,DOWNLOADITEM,T,RELEASED
1943,1914,customdeploy_ste_ue_service_item,SERVICEITEM,T,RELEASED
1942,1914,customdeploy_ste_ue_kitpackage_item,KITITEM,T,RELEASED
1941,1914,customdeploy_ste_ue_giftcertificate_item,GIFTCERTIFICATEITEM,T,RELEASED
1940,1914,customdeploy_ste_ue_othercharge_item,OTHERCHARGEITEM,T,RELEASED
1939,1914,customdeploy_ste_ue_noninventory_item,NONINVENTORYITEM,T,RELEASED
1938,1914,customdeploy_ste_ue_inventory_item,INVENTORYITEM,T,RELEASED
1952,1917,customdeploy_ste_ue_nexus,NEXUS,T,RELEASED
1953,1918,customdeploy_ste_ue_oss_setup,CUSTOMRECORD_STE_OSS_SETUP,T,RELEASED
1977,1922,customdeploy_ste_sl_tax_group_list,,T,RELEASED
1978,1923,customdeploy_ste_sl_transaction_type,,T,RELEASED
1979,1924,customdeploy_ste_sl_taxgroup_detail,,T,RELEASED
1980,1925,customdeploy_ste_sl_item_tax_rules_list,,T,RELEASED
1981,1926,customdeploy_ste_sl_item_tax_rules_det,,T,RELEASED
1982,1927,customdeploy_ste_sl_rol_perm_list,,T,RELEASED
1983,1928,customdeploy_ste_sl_dataprovisioning,,F,RELEASED
1984,1929,customdeploy_ste_sl_oss_taxsched_detail,,T,RELEASED
1985,1930,customdeploy_ste_sl_subsidiary_service,,T,RELEASED
1986,1931,customdeploy_ste_sl_exempt_cert_detail,,T,RELEASED
1987,1932,customdeploy_ste_sl_rol_perm_detail,,T,RELEASED
1988,1933,customdeploy_ste_sl_exempt_cert_list,,T,RELEASED
1989,1934,customdeploy_ste_sl_reg_format_detail,,T,RELEASED
1990,1935,customdeploy_ste_sl_taxschedule_list,,T,RELEASED
1991,1936,customdeploy_ste_sl_roundinggroup_list,,T,RELEASED
1992,1937,customdeploy_ste_sl_reg_format_list,,T,RELEASED
1993,1938,customdeploy_ste_sl_tax_validation,,T,RELEASED
1994,1939,customdeploy_ste_sl_roundinggroup_detail,,T,RELEASED
1995,1940,customdeploy_ste_sl_oss_setup_list,,T,RELEASED
1996,1941,customdeploy_ste_sl_oss_taxsched_list,,T,RELEASED
1997,1942,customdeploy_ste_sl_oss_setup,,T,RELEASED
1998,1943,customdeploy_ste_sl_taxschedule_detail,,T,RELEASED
2000,1945,customdeploy_ste_sl_backend_admin,,T,RELEASED
2001,1946,customdeploy_ste_sl_backend_restricted,,T,RELEASED
2005,1950,customdeploy_ste_rl_country_manager,,T,RELEASED
2006,1951,customdeploy_ste_mr_oss_taxschd_itemsave,,T,NOTSCHEDULED
2007,1952,customdeploy_ste_mr_itr_save_from_search,,T,NOTSCHEDULED
2016,1954,customdeploy_ste_mr_item_tax_rules_sav_g,,T,NOTSCHEDULED
2010,1954,customdeploy_ste_mr_item_tax_rules_sav_a,,T,NOTSCHEDULED
2018,1954,customdeploy_ste_mr_item_tax_rules_sav_i,,T,NOTSCHEDULED
2017,1954,customdeploy_ste_mr_item_tax_rules_sav_h,,T,NOTSCHEDULED
2014,1954,customdeploy_ste_mr_item_tax_rules_sav_e,,T,NOTSCHEDULED
2013,1954,customdeploy_ste_mr_item_tax_rules_sav_d,,T,NOTSCHEDULED
2012,1954,customdeploy_ste_mr_item_tax_rules_sav_c,,T,NOTSCHEDULED
2011,1954,customdeploy_ste_mr_item_tax_rules_sav_b,,T,NOTSCHEDULED
2015,1954,customdeploy_ste_mr_item_tax_rules_sav_f,,T,NOTSCHEDULED
2009,1954,customdeploy_ste_mr_item_tax_rules_save,,T,NOTSCHEDULED
2019,1955,customdeploy_ste_mr_taxschedule_itemsave,,T,NOTSCHEDULED
2020,1956,customdeploy_ste_mr_exempt_allitems_save,,T,NOTSCHEDULED
2021,1957,customdeploy_ste_mr_create_records,,T,NOTSCHEDULED
2022,1958,customdeploy_ste_mr_confirmation_email,,T,NOTSCHEDULED
2023,1959,customdeploy_ste_mr_item_tax_exempt_save,,T,NOTSCHEDULED
2024,1960,customdeploy_ste_data_update,,T,NOTSCHEDULED
2027,1961,customdeploy_ste_data_provisioning,,T,NOTSCHEDULED
2025,1961,customdeploy_ste_data_provisioning3,,T,NOTSCHEDULED
2026,1961,customdeploy_ste_data_provisioning2,,T,NOTSCHEDULED
2032,1962,customdeploy_ste_mr_exempt_items_save_d,,T,NOTSCHEDULED
2033,1962,customdeploy_ste_mr_exempt_items_save_e,,T,NOTSCHEDULED
2034,1962,customdeploy_ste_mr_exempt_items_save_f,,T,NOTSCHEDULED
2035,1962,customdeploy_ste_mr_exempt_items_save_g,,T,NOTSCHEDULED
2028,1962,customdeploy_ste_mr_exempt_items_save,,T,NOTSCHEDULED
2037,1962,customdeploy_ste_mr_exempt_items_save_i,,T,NOTSCHEDULED
2029,1962,customdeploy_ste_mr_exempt_items_save_a,,T,NOTSCHEDULED
2030,1962,customdeploy_ste_mr_exempt_items_save_b,,T,NOTSCHEDULED
2031,1962,customdeploy_ste_mr_exempt_items_save_c,,T,NOTSCHEDULED
2036,1962,customdeploy_ste_mr_exempt_items_save_h,,T,NOTSCHEDULED
2039,1963,customdeploy_ste_cs_customer,CUSTOMER,T,RELEASED
2038,1963,customdeploy_ste_cs_vendor,VENDOR,T,RELEASED
2040,1964,customdeploy_ste_cs_oss_setup,CUSTOMRECORD_STE_OSS_SETUP,T,RELEASED
2041,1965,customdeploy_ste_cs_rol_perm_detail,CUSTOMRECORD_STE_ROLES_PERMISSIONS,T,RELEASED
3345,1966,customdeploy_ste_cs_transaction_credcard,CREDITCARDCHARGE,T,RELEASED
3348,1966,customdeploy_ste_cs_transaction_retauth,RETURNAUTHORIZATION,T,RELEASED
3335,1966,customdeploy_ste_cs_transaction_cashsale,CASHSALE,T,RELEASED
3336,1966,customdeploy_ste_cs_transaction_custcred,CREDITMEMO,T,RELEASED
3343,1966,customdeploy_ste_cs_transaction_vendbill,VENDORBILL,T,RELEASED
3344,1966,customdeploy_ste_cs_transaction_opport,OPPORTUNITY,T,RELEASED
3337,1966,customdeploy_ste_cs_transaction_purchord,PURCHASEORDER,T,RELEASED
3338,1966,customdeploy_ste_cs_transaction_invoice,INVOICE,T,RELEASED
3339,1966,customdeploy_ste_cs_transaction_salord,SALESORDER,T,RELEASED
3340,1966,customdeploy_ste_ue_transaction_vendcred,VENDORCREDIT,T,RELEASED
3341,1966,customdeploy_ste_cs_transaction_estimate,ESTIMATE,T,RELEASED
3342,1966,customdeploy_ste_cs_transaction_exprep,EXPENSEREPORT,T,RELEASED
3346,1966,customdeploy_ste_cs_transaction_journal,JOURNALENTRY,T,RELEASED
3347,1966,customdeploy_ste_cs_transaction_vretauth,VENDORRETURNAUTHORIZATION,T,RELEASED
3334,1966,customdeploy_ste_cs_transaction_cashrfnd,CASHREFUND,T,RELEASED
2056,1967,customdeploy_ste_cs_nexus,NEXUS,T,RELEASED
2057,1968,customdeploy_ste_cs_taxschedule_detail,CUSTOMRECORD_STE_TAX_SCHEDULE_BODY,T,RELEASED
2058,1969,customdeploy_ste_suitetaxengine,,T,RELEASED
5214,1970,customdeploy_ste_bundle_install,,T,RELEASED
7705,1971,customdeploy_str_bundle_installation,,T,RELEASED
8071,1972,customdeploy_str_job_details_ue,CUSTOMRECORD_STR_JOB_DETAILS,T,RELEASED
8072,1973,customdeploy_str_sub_settings_ue,SUBSIDIARYSETTINGS,T,RELEASED
8064,1974,customdeploy_str_adjusment_jrnl_ue,JOURNALENTRY,T,RELEASED
8074,1975,customdeploy_str_tax_filing_ue,CUSTOMRECORD_STR_TAX_FILING,T,RELEASED
8066,1976,customdeploy_str_noninv_ue,NONINVENTORYITEM,T,RELEASED
8068,1976,customdeploy_str_assembly_ue,ASSEMBLYITEM,T,RELEASED
8069,1976,customdeploy_str_kit_ue,KITITEM,T,RELEASED
8065,1976,customdeploy_str_service_ue,SERVICEITEM,T,RELEASED
8067,1976,customdeploy_str_oth_ue,OTHERCHARGEITEM,T,RELEASED
8070,1976,customdeploy_str_inv_ue,INVENTORYITEM,T,RELEASED
8073,1977,customdeploy_str_roles_permission_ue,CUSTOMRECORD_STR_ROLES_PERMISSIONS,T,RELEASED
8063,1978,customdeploy_str_job_ue,CUSTOMRECORD_STR_JOB,T,RELEASED
8052,1979,customdeploy_str_recoverability_su,,T,RELEASED
8041,1980,customdeploy_str_report_job_progress_su,,T,RELEASED
8050,1981,customdeploy_str_tax_filing_setup,,T,RELEASED
8049,1982,customdeploy_str_tax_return_setup_su_v,,T,RELEASED
8048,1982,customdeploy_str_tax_return_setup_su,,T,RELEASED
8036,1983,customdeploy_str_jobmanager_su,,T,RELEASED
8051,1984,customdeploy_ctr_options_svc_su,,T,RELEASED
8043,1985,customdeploy_str_taf_su,,T,RELEASED
8056,1986,customdeploy_str_bdownload_su,,T,RELEASED
8042,1987,customdeploy_str_tax_filing_progress_su,,T,RELEASED
8040,1988,customdeploy_str_country_form_su,,T,RELEASED
8045,1989,customdeploy_str_adjust_return_su,,T,RELEASED
8053,1990,customdeploy_journalentry_svc_su,,T,RELEASED
8037,1991,customdeploy_str_config_svc_su,,T,RELEASED
8058,1992,customdeploy_str_vat_drilldown_su,,T,RELEASED
8047,1993,customdeploy_str_roles_permissions_su,,T,RELEASED
8046,1993,customdeploy_str_roles_su,,T,RELEASED
8038,1994,customdeploy_str_output_data_reader_su,,T,RELEASED
8060,1995,customdeploy_str_report_preferences_su,,T,RELEASED
8059,1995,customdeploy_str_report_preferences_su_v,,T,RELEASED
8055,1996,customdeploy_str_country_report_su_view,,T,RELEASED
8054,1996,customdeploy_str_country_report_su,,T,RELEASED
8057,1997,customdeploy_str_account_svc_su,,T,RELEASED
8062,1998,customdeploy_str_schema_editor_su,,T,RELEASED
8061,2001,customdeploy_str_tax_filing_su,,T,RELEASED
8039,2002,customdeploy_str_tax_filing_auth_su,,T,RELEASED
7935,2003,customdeploy_str_jmrunner_ss,,T,SCHEDULED
7968,2004,customdeploy_str_searchtask_proc_ss_28,,T,NOTSCHEDULED
7955,2004,customdeploy_str_searchtask_proc_ss_15,,T,NOTSCHEDULED
7941,2004,customdeploy_str_searchtask_proc_ss_01,,T,NOTSCHEDULED
7942,2004,customdeploy_str_searchtask_proc_ss_03,,T,NOTSCHEDULED
7943,2004,customdeploy_str_searchtask_proc_ss_06,,T,NOTSCHEDULED
7944,2004,customdeploy_str_searchtask_proc_ss_04,,T,NOTSCHEDULED
7945,2004,customdeploy_str_searchtask_proc_ss_07,,T,NOTSCHEDULED
7946,2004,customdeploy_str_searchtask_proc_ss_08,,T,NOTSCHEDULED
7947,2004,customdeploy_str_searchtask_proc_ss_10,,T,NOTSCHEDULED
7948,2004,customdeploy_str_searchtask_proc_ss_05,,T,NOTSCHEDULED
7949,2004,customdeploy_str_searchtask_proc_ss_02,,T,NOTSCHEDULED
7950,2004,customdeploy_str_searchtask_proc_ss_09,,T,NOTSCHEDULED
7959,2004,customdeploy_str_searchtask_proc_ss_19,,T,NOTSCHEDULED
7960,2004,customdeploy_str_searchtask_proc_ss_20,,T,NOTSCHEDULED
7962,2004,customdeploy_str_searchtask_proc_ss_22,,T,NOTSCHEDULED
7963,2004,customdeploy_str_searchtask_proc_ss_23,,T,NOTSCHEDULED
7964,2004,customdeploy_str_searchtask_proc_ss_24,,T,NOTSCHEDULED
7966,2004,customdeploy_str_searchtask_proc_ss_26,,T,NOTSCHEDULED
7967,2004,customdeploy_str_searchtask_proc_ss_27,,T,NOTSCHEDULED
7969,2004,customdeploy_str_searchtask_proc_ss_29,,T,NOTSCHEDULED
7970,2004,customdeploy_str_searchtask_proc_ss_30,,T,NOTSCHEDULED
