scriptid,category,total_hits,file_count,surfaces
custitem_la_active,la_gen2,8,7,filecabinet+objects
custitem_la_ada,la_field,6,6,filecabinet+objects
custitem_la_airflow_efficiency,la_field,6,6,filecabinet+objects
custitem_la_alt_small_thumb_1,la_field,4,4,objects
custitem_la_base_item_number,la_field,6,5,filecabinet+objects
custitem_la_beam_spread,la_field,6,6,filecabinet+objects
custitem_la_blade_finish,la_field,6,6,filecabinet+objects
custitem_la_blade_pitch,la_field,6,6,filecabinet+objects
custitem_la_blade_qty,la_field,6,6,filecabinet+objects
custitem_la_blade_span,la_field,6,6,filecabinet+objects
custitem_la_blade_type,la_field,6,6,filecabinet+objects
custitem_la_bulbs_included,la_field,9,7,filecabinet+objects
custitem_la_bulb_base,keep20,8,8,filecabinet+objects
custitem_la_bulb_type,keep20,8,8,filecabinet+objects
custitem_la_canopy,la_field,4,4,objects
custitem_la_cartons_per_unit,la_field,4,4,objects
custitem_la_carton_volume,la_field,6,6,filecabinet+objects
custitem_la_cfm_range,la_field,4,4,objects
custitem_la_chain,la_field,6,6,filecabinet+objects
custitem_la_collection,keep20,7,7,filecabinet+objects
custitem_la_color_temperature,keep20,13,9,filecabinet+objects
custitem_la_connection,la_field,4,4,objects
custitem_la_cost,retire_resolved,6,6,filecabinet+objects
custitem_la_country_of_origin,la_gen2,6,6,filecabinet+objects
custitem_la_cri,keep20,6,6,filecabinet+objects
custitem_la_crystal,la_field,6,6,filecabinet+objects
custitem_la_dark_sky,la_field,6,6,filecabinet+objects
custitem_la_date_available,la_field,4,4,objects
custitem_la_designer,la_field,6,6,filecabinet+objects
custitem_la_dimensional_weight,la_field,6,6,filecabinet+objects
custitem_la_dimmable,keep20,6,6,filecabinet+objects
custitem_la_drop_ship,retire_resolved,6,6,filecabinet+objects
custitem_la_effective_date,la_field,4,4,objects
custitem_la_energy_efficient,la_field,4,4,objects
custitem_la_energy_star,la_field,6,6,filecabinet+objects
custitem_la_extension,la_field,8,8,filecabinet+objects
custitem_la_fan_airflow,la_field,7,7,filecabinet+objects
custitem_la_fan_control,la_field,6,6,filecabinet+objects
custitem_la_fan_downrod,la_field,6,6,filecabinet+objects
custitem_la_fan_electricity_use,la_field,6,6,filecabinet+objects
custitem_la_fan_mounting_system,la_field,4,4,objects
custitem_la_fan_speeds,la_field,6,6,filecabinet+objects
custitem_la_finish,keep20,9,9,filecabinet+objects
custitem_la_gas,la_field,4,4,objects
custitem_la_has_imap,la_field,4,4,objects
custitem_la_height,keep20,8,8,filecabinet+objects
custitem_la_image,keep20,21,16,filecabinet+objects
custitem_la_imap_multiplier,la_field,4,4,objects
custitem_la_inactivedate,la_gen2,5,5,filecabinet+objects
custitem_la_instructions,la_field,6,6,filecabinet+objects
custitem_la_intro_date,la_field,6,6,filecabinet+objects
custitem_la_la_category,la_field,4,4,objects
custitem_la_la_finish,la_field,4,4,objects
custitem_la_la_glass,la_field,4,4,objects
custitem_la_la_height_range,la_field,4,4,objects
custitem_la_la_mfg_id,la_field,4,4,objects
custitem_la_la_mount,la_field,4,4,objects
custitem_la_la_style_1,la_field,4,4,objects
custitem_la_la_type,la_field,4,4,objects
custitem_la_la_voltage_range,la_field,4,4,objects
custitem_la_la_width_range,la_field,4,4,objects
custitem_la_led,la_field,4,4,objects
custitem_la_length,keep20,8,8,filecabinet+objects
custitem_la_light_kit,la_field,6,6,filecabinet+objects
custitem_la_light_output,keep20,6,6,filecabinet+objects
custitem_la_light_source,la_field,6,6,filecabinet+objects
custitem_la_list_price,retire_resolved,16,12,filecabinet+objects
custitem_la_manufacturer_category,la_field,4,4,objects
custitem_la_manufacturer_finish,retire_resolved,13,9,filecabinet+objects
custitem_la_manufacturer_glass,la_field,12,8,filecabinet+objects
custitem_la_manufacturer_name,retire_resolved,18,14,filecabinet+objects
custitem_la_manufacturer_number,la_field,12,10,filecabinet+objects
custitem_la_manufacturer_stock,la_field,4,4,objects
custitem_la_manufacturer_warranty,la_field,6,6,filecabinet+objects
custitem_la_master_pack_barcode,la_field,4,4,objects
custitem_la_material,keep20,6,6,filecabinet+objects
custitem_la_max_wattage,la_field,14,10,filecabinet+objects
custitem_la_motor_housing,la_field,4,4,objects
custitem_la_motor_mounting,la_field,4,4,objects
custitem_la_motor_size,la_field,4,4,objects
custitem_la_mounting_height,la_field,4,4,objects
custitem_la_multiplier,la_field,4,4,objects
custitem_la_multiplier_price,la_field,4,4,objects
custitem_la_notes,la_field,6,6,filecabinet+objects
custitem_la_number_of_arms,la_field,4,4,objects
custitem_la_number_of_bulbs,keep20,8,8,filecabinet+objects
custitem_la_order_minimum,la_field,4,4,objects
custitem_la_parts_diagram,la_field,6,6,filecabinet+objects
custitem_la_price,retire_resolved,6,6,filecabinet+objects
custitem_la_price_before_sale,la_field,4,4,objects
custitem_la_price_changed_date,retire_resolved,6,5,filecabinet+objects
custitem_la_price_no_sale,la_field,4,4,objects
custitem_la_price_range,la_field,4,4,objects
custitem_la_product_name,keep20,9,9,filecabinet+objects
custitem_la_product_url,keep20,14,12,filecabinet+objects
custitem_la_rated_average_life,la_field,6,6,filecabinet+objects
custitem_la_reverse_air,la_field,6,6,filecabinet+objects
custitem_la_rooms,la_field,4,4,objects
custitem_la_room_1,la_field,4,4,objects
custitem_la_room_2,la_field,4,4,objects
custitem_la_safety_listing,keep20,6,6,filecabinet+objects
custitem_la_safety_rating,keep20,6,6,filecabinet+objects
custitem_la_shipped_via,la_field,7,7,filecabinet+objects
custitem_la_sku,la_identity,21,19,filecabinet+objects
custitem_la_small_thumbnail,la_field,4,4,objects
custitem_la_special_feature,la_field,4,4,objects
custitem_la_spec_sheet,retire_resolved,11,11,filecabinet+objects
custitem_la_status_date,la_field,4,4,objects
custitem_la_sub_brand,la_field,4,4,objects
custitem_la_suffix,la_field,4,4,objects
custitem_la_switch,la_field,4,4,objects
custitem_la_thumbnail,la_field,4,4,objects
custitem_la_title_20,la_field,4,4,objects
custitem_la_title_24,la_field,4,4,objects
custitem_la_top_to_outlet,la_field,4,4,objects
custitem_la_umap,la_field,4,4,objects
custitem_la_unique_id,la_identity,15,13,filecabinet+objects
custitem_la_unit_increment,la_field,4,4,objects
custitem_la_unit_of_measure,la_field,4,4,objects
custitem_la_upc,keep20,9,9,filecabinet+objects
custitem_la_voltage,keep20,6,6,filecabinet+objects
custitem_la_weight_grams,la_field,6,6,filecabinet+objects
custitem_la_width,keep20,5,5,filecabinet+objects
custitem_la_width_diameter,retire_resolved,4,4,objects
custitem_la_wire,la_field,6,6,filecabinet+objects
custitemcustitem_la_weight,la_field,4,4,objects
custitem_laitem_do_not_update,la_adjacent,6,6,objects
custitem_lights_sku,la_identity,6,6,objects
custitem5,repurpose,4,4,objects
custitem6,protected,8,8,objects
custitem7,repurpose,4,4,objects
custitem_atlas_closeout,atlas,3,3,objects
custitem_atlas_department,atlas,4,4,objects
custitem_atlas_item_image,atlas,5,5,objects
custitem_atlas_season,atlas,4,4,objects
custitem_atlas_style,repurpose,27,27,objects
custitem_zastro_image_url,zastro,5,5,objects
custitem_zastro_la_updated_at,zastro,6,5,filecabinet+objects
custitem_zastro_special_order,zastro,21,19,filecabinet+objects
custitem_zastro_warranty,zastro,4,4,objects
custitem_spec_sheet_link,keeper_nonla,10,9,filecabinet+objects
custitem_webstore_link,dead_nonla,4,4,objects
custitem_category,adjacent,8,8,objects
custitem_no_of_bulbs,adjacent,4,4,objects
custitem_publish_item,adjacent,3,3,objects
custitem_pr_em_product,adjacent,6,5,filecabinet+objects
custitem_isonline,adjacent,6,6,objects
custitem_usr_item_category,adjacent,5,5,objects
custitemlastpostedtofarapp,farapp,5,5,objects
customrecord_zastro_api_scheduler,zastro_rectype,2,2,filecabinet
customrecord_zastro_la_adhoc_queue,zastro_rectype,0,0,
customrecord_zastro_la_data_dump,zastro_rectype,44,12,filecabinet+objects
customrecord_zastro_la_processor_queue,zastro_rectype,9,3,filecabinet
customrecord_zastro_lights_file_config,zastro_rectype,19,10,filecabinet
customrecord_zastro_lights_items,zastro_rectype,263,53,filecabinet+objects
customrecord_zastro_lights_wishlist_cfg,zastro_rectype,5,2,filecabinet
customrecord_zastro_po_consolid,zastro_rectype,162,61,filecabinet+objects
customrecord_zastro_unconsolidated_items,zastro_rectype,213,48,filecabinet+objects
customrecord_la_csv_row,la_rectype,16,6,filecabinet+objects
customrecord_manufacturer_mapping,la_rectype,17,10,filecabinet+objects
customlist_zastro_lights_prod_action,zastro_list,0,0,
customlist_zastro_lights_p_status,zastro_list,0,0,
customlist_zastro_lights_statuses,zastro_list,0,0,
customlist_zas_tracking_carrier,zastro_list,5,5,filecabinet+objects
customworkflow59,workflow,1,1,objects
customworkflow_la_sku_to_item,workflow,1,1,objects
customworkflow31,workflow,1,1,objects
customworkflow42,workflow,1,1,objects
customworkflow35,workflow,1,1,objects
custcol_pr_prod_url,column,6,4,filecabinet+objects
custcol_webstore_link,column,1,1,objects
custcol_spec_sheet,column,1,1,objects
custcol_premier_is_bulb,column,4,3,filecabinet+objects
custcolcustcol_zastro_vendor,zastro_column,53,45,filecabinet+objects
custcol_zastro_purchase_price,zastro_column,7,5,filecabinet+objects
